,original_text,cleaned_text,lang
69,"Incendies en Gironde : zoo, hippodrome... les animaux aussi sont Ã©vacuÃ©s https://t.co/O4EFooaxfZ","Incendies en Gironde : zoo, hippodrome... les animaux aussi sont Ã©vacuÃ©s ",fr
72,"ğŸ¤‘DÃ©couvrez comment trouver une idÃ©e de formation rentable et la crÃ©er en 30 joursÂ ! Formation gratuiteÂ !
Cliquez sur le lien pour savoir comment gagner de l'argent !
https://t.co/klhiqs6jvM

#citation #argent #investissement

CrÃ©dit compte Instagram : millionnaire_secrets https://t.co/lwzqmIM6Mv","ğŸ¤‘DÃ©couvrez comment trouver une idÃ©e de formation rentable et la crÃ©er en 30 joursÂ ! Formation gratuiteÂ !
Cliquez sur le lien pour savoir comment gagner de l'argent !


  

CrÃ©dit compte Instagram : millionnaire_secrets ",fr
118,#RDC: Agression rwandaise dans lâ€™Est du pays Â«Â Le peuple congolais aurait mieux fait de faire des marches plutÃ´t contre FÃ©lix TshisekediÂ Â» dit JM Kabund,: Agression rwandaise dans lâ€™Est du pays Â«Â Le peuple congolais aurait mieux fait de faire des marches plutÃ´t contre FÃ©lix TshisekediÂ Â» dit JM Kabund,fr
124,"Analyse d'une ressortie du Sporting ğŸ‡µğŸ‡¹  R. Amorimâš½ï¸

- CrÃ©ation du jeu Ã  partir du GB 1-4+2
- 2 largeur (LAT puis PISTON) pour Ã©tirer le bloc adverse 
- CrÃ©ation d'espace Ã  l'INT + RDF positif
- CrÃ©ation de triangle / Losange avec pointe haute qui dÃ©croche

â¤ï¸&amp; retour apprÃ©cies https://t.co/FCJmLAOZdb","Analyse d'une ressortie du Sporting ğŸ‡µğŸ‡¹  R. Amorimâš½ï¸

- CrÃ©ation du jeu Ã  partir du GB 1-4+2
- 2 largeur (LAT puis PISTON) pour Ã©tirer le bloc adverse 
- CrÃ©ation d'espace Ã  l'INT + RDF positif
- CrÃ©ation de triangle / Losange avec pointe haute qui dÃ©croche

â¤ï¸&amp; retour apprÃ©cies ",fr
133,"Montauban : cet attentat dont personne ne veut vous parler.

#Montauban #EmmanuelCueff #munichois #badinter #peinedemort #partisocialiste #macron #Hidalgo #soumission #invasion #immigration https://t.co/2w3uf3s0Yh","Montauban : cet attentat dont personne ne veut vous parler.

           ",fr
141,@TheoEnglebert_ @TheoEnglebert @RWALINDAP Merci de confirmer que vous n'Ãªtes pas sÃ©rieux. Mais cela on le savait depuis longtemps.,  Merci de confirmer que vous n'Ãªtes pas sÃ©rieux. Mais cela on le savait depuis longtemps.,fr
153,Mali : la prÃ©sence de la Minusma de nouveau en question https://t.co/C3MZLQIa39 #EyeonMali #Mali #DW,Mali : la prÃ©sence de la Minusma de nouveau en question    ,fr
154,"Quand des Ã©lÃ©ments militaires de la #RDF @RwandaMoD creusent des tranchÃ©es de dÃ©fense en terre RDC, ils ne savent pas qu'ils sont vus du ciel. Ainsi, le rÃ©gime rwandais peut continuer Ã  nier Ã©honteusement sa prÃ©sence et son soutien au #M23.
Le @rpfinkotanyi n'a qu'Ã  bien se tenir https://t.co/CU6iN3JaBb","Quand des Ã©lÃ©ments militaires de la   creusent des tranchÃ©es de dÃ©fense en terre RDC, ils ne savent pas qu'ils sont vus du ciel. Ainsi, le rÃ©gime rwandais peut continuer Ã  nier Ã©honteusement sa prÃ©sence et son soutien au .
Le  n'a qu'Ã  bien se tenir ",fr
158,Uganda ğŸ‡ºğŸ‡¬  yibikiye ibikoresho bucece ğŸ˜ğŸ˜ https://t.co/VVgYeJ91g2,Uganda ğŸ‡ºğŸ‡¬  yibikiye ibikoresho bucece ğŸ˜ğŸ˜ ,kiny
165,"@Poulin2012 C'est pour proteger
la Republique Antifasciste
de la #RDF ğŸ‡«ğŸ‡·
ğŸ˜Š

Berlin
""1961-1986
 25 ans du mur de protection antifasciste"" https://t.co/jFaP9Ts5wh","C'est pour proteger
la Republique Antifasciste
de la  ğŸ‡«ğŸ‡·
ğŸ˜Š

Berlin
""1961-1986
 25 ans du mur de protection antifasciste"" ",fr
171,"@KibogaF @goma24news @AllyKabengera @StanysBujakera @albcontact @gateteviews @LwarhibaM @kazadi_peter @BavickM @CybelleKamba @BenitaNtumba @PatrickMuyaya @fatshi13 @kongolaise @EgidieBibio @sethkikuni @moise_katumbi @cibalanky @AngelKazadi Les terroristes du M23 sont couverts par les armÃ©es ougandaise et rwandaise. Ils ont des armÃ©es que les FARDC, l'armÃ©e nationale n'a jamais achetÃ©es et utilisÃ©es.","                  Les terroristes du M23 sont couverts par les armÃ©es ougandaise et rwandaise. Ils ont des armÃ©es que les FARDC, l'armÃ©e nationale n'a jamais achetÃ©es et utilisÃ©es.",fr
177,Suivez cette VidÃ©o svp !  Ce Rwandais parle des exactions des Tutsi en RDC et des agressions rwandaises RDF en RDC https://t.co/KAUX7r5PMB https://t.co/v24qRCvEb0 https://t.co/GzGCk97YCX,Suivez cette VidÃ©o svp !  Ce Rwandais parle des exactions des Tutsi en RDC et des agressions rwandaises RDF en RDC   ,fr
183,Suivez cette VidÃ©o svp !  Ce Rwandais parle des exactions des Tutsi en RDC et des agressions rwandaises RDF en RDC https://t.co/mpFoHmiFGI,Suivez cette VidÃ©o svp !  Ce Rwandais parle des exactions des Tutsi en RDC et des agressions rwandaises RDF en RDC ,fr
203,"@goma24news @AllyKabengera @StanysBujakera @albcontact @gateteviews @LwarhibaM @kazadi_peter @BavickM @CybelleKamba @BenitaNtumba @PatrickMuyaya @fatshi13 @kongolaise @EgidieBibio @sethkikuni @moise_katumbi @cibalanky @AngelKazadi La politique de kagame consiste Ã  'infiltrer l  tutsi en RDC Ã  travers des rÃ©bellions RCD ,CNDP ,Ngumino, ANDROID, Twirwaneho, M23 . A l'instar des Tutsi surnommÃ©s BANYAMULENGE, d'autres Rwandais tutsi veulent obtenir des terres de l RDC par les armes /RDF . Ã‡a ne marchera pas !","                 La politique de kagame consiste Ã  'infiltrer l  tutsi en RDC Ã  travers des rÃ©bellions RCD ,CNDP ,Ngumino, ANDROID, Twirwaneho, M23 . A l'instar des Tutsi surnommÃ©s BANYAMULENGE, d'autres Rwandais tutsi veulent obtenir des terres de l RDC par les armes /RDF . Ã‡a ne marchera pas !",fr
225,"Les medias du Regime de la #RDF ğŸ‡«ğŸ‡· 
apres un acte terroriste d'unepersonne
sur la jeunesse franÃ§aise :

bougies et bouquets https://t.co/ElxkUYLXi9","Les medias du Regime de la  ğŸ‡«ğŸ‡· 
apres un acte terroriste d'unepersonne
sur la jeunesse franÃ§aise :

bougies et bouquets ",fr
253,"Dime quÃ© es esto: una cuerda con la que te ahorco en el evento, ese tipo de rimas tan EspontÃ¡neas no la cambio por el mejor ingenio del mundo @AUrbanroosters @MisioFLow https://t.co/iNO0AgZSq2","Dime quÃ© es esto: una cuerda con la que te ahorco en el evento, ese tipo de rimas tan EspontÃ¡neas no la cambio por el mejor ingenio del mundo   ",kiny
259,"Sri Lanka's interim president declares state of emergency
#123INFO
https://t.co/kfGtJ86L8y","Sri Lanka's interim president declares state of emergency

",kiny
266,"@Intare_y_Intore @KanyanaVanessa D'aprÃ¨s toi, pourquoi le Sultani Makenga (Rwandais) meurt en RDC? Pourquoi Kagame rÃ©clamait les deux militaires RDF capturÃ© Ã  Rumangabo loin de la frontiÃ¨re du Rwanda ? Actives toute ta connaissance en UBWENGE !!!!"," D'aprÃ¨s toi, pourquoi le Sultani Makenga (Rwandais) meurt en RDC? Pourquoi Kagame rÃ©clamait les deux militaires RDF capturÃ© Ã  Rumangabo loin de la frontiÃ¨re du Rwanda ? Actives toute ta connaissance en UBWENGE !!!!",fr
269,France: Minister under pressure to resign over LGBTQ comments https://t.co/MoohYWk3zV - source/editor :,France: Minister under pressure to resign over LGBTQ comments  - source/editor :,fr
318,"Another day, another @Jay_MWilliams_ Summer League charge
 https://t.co/RG8NqjzKL7","Another day, another  Summer League charge
 ",fr
346,"The love for #RDF May his dreams come true.

#INGABOZACU ğŸ’ªğŸ¾ https://t.co/uudBanf3k4","The love for  May his dreams come true.

 ğŸ’ªğŸ¾ ",kiny
348,"ğŸ”´#RDC Le gouvernement annonce avoir pris des dispositions pour renforcer la traque en profondeur des terroristes #ADF/MTM et leurs supplÃ©tifs en province de lâ€™#Ituri. Pendant ce temps, l'armÃ©e maintient la pression contre la coalition #RDF-#M23 dans le Rutshuru, au Nord-Kivu.","ğŸ”´ Le gouvernement annonce avoir pris des dispositions pour renforcer la traque en profondeur des terroristes /MTM et leurs supplÃ©tifs en province de lâ€™. Pendant ce temps, l'armÃ©e maintient la pression contre la coalition - dans le Rutshuru, au Nord-Kivu.",fr
349,"MovimentaÃ§Ã£o na cÃ¢mara, RDF 1/0 - ApresentaÃ§Ã£o da RedaÃ§Ã£o Final n. 1 PLEN, pelo Deputado Danilo Forte (UNIÃƒO/CE).. https://t.co/KPpMgX8VXq","MovimentaÃ§Ã£o na cÃ¢mara, RDF 1/0 - ApresentaÃ§Ã£o da RedaÃ§Ã£o Final n. 1 PLEN, pelo Deputado Danilo Forte (UNIÃƒO/CE).. ",fr
353,Votre featuring de rÃªve ?,Votre featuring de rÃªve ?,fr
354,"#SemanasParağŸ—“ï¸ - 134

Â¿CÃ³mo se le llama a un sexenio en el que de 17 promesas hechas con fecha compromiso no se ha logrado ninguna? ğŸ¤”

Bueno, faltan 2 por vencer... pero una de ellas es irse, ojalÃ¡ al menos esa la cumpla. ğŸ˜¬

#RDFğŸ… https://t.co/Y9Il7pughE","ğŸ—“ï¸ - 134

Â¿CÃ³mo se le llama a un sexenio en el que de 17 promesas hechas con fecha compromiso no se ha logrado ninguna? ğŸ¤”

Bueno, faltan 2 por vencer... pero una de ellas es irse, ojalÃ¡ al menos esa la cumpla. ğŸ˜¬

ğŸ… ",fr
358,"MovimentaÃ§Ã£o na cÃ¢mara, RDF 1/0 - ApresentaÃ§Ã£o da RedaÃ§Ã£o Final n. 1 CCJC, pelo Deputado Geninho Zuliani (UNIÃƒO/SP).. https://t.co/KPpMgX8VXq","MovimentaÃ§Ã£o na cÃ¢mara, RDF 1/0 - ApresentaÃ§Ã£o da RedaÃ§Ã£o Final n. 1 CCJC, pelo Deputado Geninho Zuliani (UNIÃƒO/SP).. ",fr
381,"Jetzt finde ich ein Dokument nicht wieder. Sowas wie das ""Baloney Detection Kit"" von Sagan, aber hÃ¼bsch bunt als PDF auf deutsch. Vielleicht von der RDF, weiÃŸ nicht mehr genau. 
Recherche fÃ¼r das #SkeptatorBuch
Kann jemand helfen?","Jetzt finde ich ein Dokument nicht wieder. Sowas wie das ""Baloney Detection Kit"" von Sagan, aber hÃ¼bsch bunt als PDF auf deutsch. Vielleicht von der RDF, weiÃŸ nicht mehr genau. 
Recherche fÃ¼r das 
Kann jemand helfen?",fr
422,"Nosso eterno cria. Jamais serÃ¡ esquecido na rua do fogo. Uma vez RDF, sempre RDF. Vamos lutar atÃ© o fim pra realizar nosso sonho por vocÃª e os Demais crias que se foram. Nelsinho pode ter certeza RDF te ama ğŸ’”ğŸ–¤ğŸ’šğŸ˜” https://t.co/UMbVjeUaGd","Nosso eterno cria. Jamais serÃ¡ esquecido na rua do fogo. Uma vez RDF, sempre RDF. Vamos lutar atÃ© o fim pra realizar nosso sonho por vocÃª e os Demais crias que se foram. Nelsinho pode ter certeza RDF te ama ğŸ’”ğŸ–¤ğŸ’šğŸ˜” ",kiny
432,"Pas d'ingÃ©rence, chers amis, avec tout le respect que je vous dois, pourquoi Ã©rige-t-on une clÃ´ture et bloque-t-on la vue sur le fleuve Congo? ğŸ¤”
@NgobilaM https://t.co/XALkaEDzPC","Pas d'ingÃ©rence, chers amis, avec tout le respect que je vous dois, pourquoi Ã©rige-t-on une clÃ´ture et bloque-t-on la vue sur le fleuve Congo? ğŸ¤”
 ",fr
433,"@GCraughwell @IRLCoDF @defenceforces The Codf has and will be the biggest smoke and mirrors trick we'll see. 6000 recruited in the next 6 years, I think they are deluded .","  The Codf has and will be the biggest smoke and mirrors trick we'll see. 6000 recruited in the next 6 years, I think they are deluded .",fr
436,"My execution with Kazuya is good, I rarely feel like I'm not maximizing my damage off EWGF strings, using ferps tech, crouch dash canceling into RDF's ETC. 

Just need to learn exactly how Kazuya should be playing neutral, against certain characters like Olimar, Pac-man etc.","My execution with Kazuya is good, I rarely feel like I'm not maximizing my damage off EWGF strings, using ferps tech, crouch dash canceling into RDF's ETC. 

Just need to learn exactly how Kazuya should be playing neutral, against certain characters like Olimar, Pac-man etc.",fr
443,"RDF Processing in Python with RDFLib: https://t.co/zvNyYNyt1k

FEATURED #COURSES #PHP #MySQL #FullStack #core #coding #webdevelopment #webdev #webdeveloper #javascript","RDF Processing in Python with RDFLib: 

FEATURED          ",fr
454,"Uyu munsi, RDF yasezereye mu cyubahiro abasirikare bagiye mu kiruhuko cy'izabukuru n'abarangije amasezerano y'akazi. Ni umuhango  witabiriwe na Minisitiri w'Ingabo Maj. Gen. Albert Murasira, wari uhagarariye Perezida wa Repubulika akaba n'Umugaba w'Ikirenga w'Ingabo https://t.co/aiC0qnfMHt","Uyu munsi, RDF yasezereye mu cyubahiro abasirikare bagiye mu kiruhuko cy'izabukuru n'abarangije amasezerano y'akazi. Ni umuhango  witabiriwe na Minisitiri w'Ingabo Maj. Gen. Albert Murasira, wari uhagarariye Perezida wa Repubulika akaba n'Umugaba w'Ikirenga w'Ingabo ",kiny
457,@Il_Picconatore @Forchielli Anche ciccio Boccia, Anche ciccio Boccia,fr
460,@fattoquotidiano poveri pentagrulli non li vuole piÃ¹ nessuno...che cattivoni,poveri pentagrulli non li vuole piÃ¹ nessuno...che cattivoni,fr
468,@genes_free @Morow_09 @rdf_art @raperocutre Con gustoğŸ”¥ğŸ”¥ğŸ”¥,   Con gustoğŸ”¥ğŸ”¥ğŸ”¥,fr
475,@Morow_09 @rdf_art @raperocutre En la prÃ³xima jornada vamos a tener en cuenta a @VozParque ğŸ”¥,  En la prÃ³xima jornada vamos a tener en cuenta a  ğŸ”¥,fr
478,"àª—à«àªœàª°àª¾àª¤àª®àª¾àª‚ àªàª¨àª¡à«€àª†àª°àªàª«àª¨àª¾ àªœàªµàª¾àª¨à«‹àª à«§à«©à«§à«§ àª²à«‹àª•à«‹àª¨à«‡ àª¬àªšàª¾àªµà«àª¯àª¾

#Gujaratimidday #new #gujaratnews #pepole #rescued #RDF #article #news #middaynews 

https://t.co/l0yMGHrd9m https://t.co/KqR76hYkxJ","àª—à«àªœàª°àª¾àª¤àª®àª¾àª‚ àªàª¨àª¡à«€àª†àª°àªàª«àª¨àª¾ àªœàªµàª¾àª¨à«‹àª à«§à«©à«§à«§ àª²à«‹àª•à«‹àª¨à«‡ àª¬àªšàª¾àªµà«àª¯àª¾

         

 ",fr
482,"Jâ€™Ã©tais jusque-lÃ  rÃ©ticent Ã  le faire, mais puisque les analyses et les dÃ©cryptages de vidÃ©os pixelisÃ©es faites par cet homme trouvent un Ã©chos dans des mÃ©dias au #Congo. Je vais prendre un peu de mon temps pour expliquer qui il est. https://t.co/8pqfJzPHZc","Jâ€™Ã©tais jusque-lÃ  rÃ©ticent Ã  le faire, mais puisque les analyses et les dÃ©cryptages de vidÃ©os pixelisÃ©es faites par cet homme trouvent un Ã©chos dans des mÃ©dias au . Je vais prendre un peu de mon temps pour expliquer qui il est. ",fr
495,"France: Minister under pressure to resign over LGBTQ comments
#123INFO
https://t.co/4rbRYnn2p2","France: Minister under pressure to resign over LGBTQ comments

",fr
515,"@elvise1657 @acmemetico l'importante Ã¨ crederci, giampiero!"," l'importante Ã¨ crederci, giampiero!",fr
517,â€¦ une dÃ©lÃ©gation est dÃ©pÃªchÃ©e Ã  Kampala (lâ€™autre protagoniste dans cette crise) oÃ¹ le maÃ®tre mot est cessez-le-feu entre FARDC et la nuisance RDF-M23. De me demander si la force EAC ne viendra pas faire du tourisme car tout est dÃ©jÃ  nÃ©gociÃ© en avance sur le sort du M23 ? #RDC,â€¦ une dÃ©lÃ©gation est dÃ©pÃªchÃ©e Ã  Kampala (lâ€™autre protagoniste dans cette crise) oÃ¹ le maÃ®tre mot est cessez-le-feu entre FARDC et la nuisance RDF-M23. De me demander si la force EAC ne viendra pas faire du tourisme car tout est dÃ©jÃ  nÃ©gociÃ© en avance sur le sort du M23 ? ,fr
518,"@JrToksi @Kazungukirimvi @damiennkaka @aminallyly13 @sandrairak @JanvierPopote Tandukanya inkomamashyi n'abaturage

Iriya G16 uzi icyo bivuze se ğŸ¤”
Ukeka ko G16 ari umuntu kugiti cye se cyangwa ni byabindi byawe uvuga utazi n'ibyo uvuga ğŸ˜‚ğŸ˜‚","     Tandukanya inkomamashyi n'abaturage

Iriya G16 uzi icyo bivuze se ğŸ¤”
Ukeka ko G16 ari umuntu kugiti cye se cyangwa ni byabindi byawe uvuga utazi n'ibyo uvuga ğŸ˜‚ğŸ˜‚",fr
534,"Â« La fonction prÃ©sidentielle exige le consensus construit dans la clartÃ© plutÃ´t que le compromis entre chien et loup. Â»
Fini Jupiter, place Ã  Vulcain. Nouvelle figure mythologique pour un nouveau prÃ©sident ? Pas tout Ã  fait. â¬‡ https://t.co/fEM7zXuGZ1","Â« La fonction prÃ©sidentielle exige le consensus construit dans la clartÃ© plutÃ´t que le compromis entre chien et loup. Â»
Fini Jupiter, place Ã  Vulcain. Nouvelle figure mythologique pour un nouveau prÃ©sident ? Pas tout Ã  fait. â¬‡ ",fr
535,"@Kazungukirimvi @JrToksi @damiennkaka @aminallyly13 @sandrairak @JanvierPopote Dore noneho u Rwanda abo muri Centre Afrique nabi bari kurwamagana

Ubu se ibi ni mavebo ubiteye raa ğŸ¤”
Ariko aho mugeze hose babatera imijugujugu ğŸ˜‚

Mujye mumenya ko muri indakoreka guys

USA ibamagana, 
EU ikabamagana, 
DRC ikabamagana, 
RCA abaturage bakabamagana, 
...
... https://t.co/i5fGeeZoi0","     Dore noneho u Rwanda abo muri Centre Afrique nabi bari kurwamagana

Ubu se ibi ni mavebo ubiteye raa ğŸ¤”
Ariko aho mugeze hose babatera imijugujugu ğŸ˜‚

Mujye mumenya ko muri indakoreka guys

USA ibamagana, 
EU ikabamagana, 
DRC ikabamagana, 
RCA abaturage bakabamagana, 
...
... ",fr
536,"sering duduk termenung, kok orang-orang pada jago maen fm ya?

gua hari-hari nonton tutorial, tetep aja dipecat :( padahal cita-cita bawa tranmere rovers juara ucl

@id_fm tutor dong supaya jago","sering duduk termenung, kok orang-orang pada jago maen fm ya?

gua hari-hari nonton tutorial, tetep aja dipecat :( padahal cita-cita bawa tranmere rovers juara ucl

 tutor dong supaya jago",kiny
542,"ğŸ”´ Ä°klim deÄŸiÅŸikliÄŸi turizmi tehdit ediyor: SularÄ±n yuttuÄŸu kumsallar, kavurucu sÄ±caklar, kasÄ±rgalar, karsÄ±z kalan kayak pistleriâ€¦ Turizm sektÃ¶rÃ¼, iklim deÄŸiÅŸikliÄŸinden kaynaklanan ciddi sorunlarÄ± yavaÅŸ yavaÅŸ hissetmeye baÅŸladÄ±. https://t.co/oFwXmBwjwA","ğŸ”´ Ä°klim deÄŸiÅŸikliÄŸi turizmi tehdit ediyor: SularÄ±n yuttuÄŸu kumsallar, kavurucu sÄ±caklar, kasÄ±rgalar, karsÄ±z kalan kayak pistleriâ€¦ Turizm sektÃ¶rÃ¼, iklim deÄŸiÅŸikliÄŸinden kaynaklanan ciddi sorunlarÄ± yavaÅŸ yavaÅŸ hissetmeye baÅŸladÄ±. ",fr
554,ğŸ”´ Yunanistan'da dÃ¼ÅŸen uÃ§ak drone ile inceleniyor: TaÅŸÄ±dÄ±ÄŸÄ± tonlarca mÃ¼himmat ile Yunanistan'da dÃ¼ÅŸen kargo uÃ§aÄŸÄ±nÄ±n enkazÄ± dronelarla inceleniyor. Enkazdan yayÄ±lan zehirli duman nedeniyle bÃ¶lgede yaÅŸayanlarÄ±n evden Ã§Ä±kmamalarÄ± istendi. https://t.co/6LJO5aeNcW,ğŸ”´ Yunanistan'da dÃ¼ÅŸen uÃ§ak drone ile inceleniyor: TaÅŸÄ±dÄ±ÄŸÄ± tonlarca mÃ¼himmat ile Yunanistan'da dÃ¼ÅŸen kargo uÃ§aÄŸÄ±nÄ±n enkazÄ± dronelarla inceleniyor. Enkazdan yayÄ±lan zehirli duman nedeniyle bÃ¶lgede yaÅŸayanlarÄ±n evden Ã§Ä±kmamalarÄ± istendi. ,fr
567,"""Iran sanctions dozens of Americans amid rising tensions"" by Deutsche Welle (https://t.co/acS15bjSKo) https://t.co/DjFPi98GTG","""Iran sanctions dozens of Americans amid rising tensions"" by Deutsche Welle ( ",kiny
611,The first images from the James Webb Telescope wowed the world this week. But what do they mean for the future of astronomy? https://t.co/e0Xr0cwZ1U,The first images from the James Webb Telescope wowed the world this week. But what do they mean for the future of astronomy? ,fr
633,Iran sanctions dozens of Americans amid rising tensions https://t.co/1oqL30SdLi,Iran sanctions dozens of Americans amid rising tensions ,fr
644,"ï¼¼âœ¨ã”äºˆç´„å—ä»˜ä¸­âœ¨ï¼
8/18ç™ºå£²äºˆå®š
CollarÃ—Malice ã‚¢ã‚¯ãƒªãƒ«ã‚¹ã‚¿ãƒ³ãƒ‰ 
ã‚µãƒ–ã‚­ãƒ£ãƒ©ã‚³ãƒ¬ã‚¯ã‚·ãƒ§ãƒ³ å…¨19ç¨®

â€»ã€æœ¬æ—¥7/17(æ—¥)ã¾ã§ã€‘ã«ã”äºˆç´„ã„ãŸã ãã¨
ç¢ºå®Ÿã«å•†å“ã®ã”ç”¨æ„ãŒå¯èƒ½ã§ã™ï¼

é€šè²©ã¯ã‚³ãƒãƒ©â†’https://t.co/vAXNfDYS8R

#ã‚«ãƒ©ãƒãƒª #ã‚ªãƒˆãƒ¡ã‚¤ãƒˆ
#ã‚¹ãƒ†ãƒ©ãƒ¯ãƒ¼ã‚¹ã‚ªãƒªã‚¸ãƒŠãƒ« https://t.co/4jGAF20wNE","ï¼¼âœ¨ã”äºˆç´„å—ä»˜ä¸­âœ¨ï¼
8/18ç™ºå£²äºˆå®š
CollarÃ—Malice ã‚¢ã‚¯ãƒªãƒ«ã‚¹ã‚¿ãƒ³ãƒ‰ 
ã‚µãƒ–ã‚­ãƒ£ãƒ©ã‚³ãƒ¬ã‚¯ã‚·ãƒ§ãƒ³ å…¨19ç¨®

â€»ã€æœ¬æ—¥7/17(æ—¥)ã¾ã§ã€‘ã«ã”äºˆç´„ã„ãŸã ãã¨
ç¢ºå®Ÿã«å•†å“ã®ã”ç”¨æ„ãŒå¯èƒ½ã§ã™ï¼

é€šè²©ã¯ã‚³ãƒãƒ©â†’

#ã‚«ãƒ©ãƒãƒª #ã‚ªãƒˆãƒ¡ã‚¤ãƒˆ
#ã‚¹ãƒ†ãƒ©ãƒ¯ãƒ¼ã‚¹ã‚ªãƒªã‚¸ãƒŠãƒ« ",kiny
649,@AlrajhiDf Ø§Ù„Ø³Ù„Ø§Ù… Ø¹Ù„ÙŠÙƒÙ… Ø§Ø±ØºØ¨ ÙÙŠ Ø§Ø³ØªÙƒÙ…Ø§Ù„ ØªØ¹Ù„ÙŠÙ…ÙŠ ÙˆÙ†ÙŠÙ„ Ø¯Ø±Ø¬Ø© Ø§Ù„Ù…Ø§Ø¬Ø³ØªÙŠØ± Ù…Ø§Ù‡ÙŠ Ø´Ø±ÙˆØ· Ø§Ù„ØªÙ…ÙˆÙŠÙ„ØŸ,Ø§Ù„Ø³Ù„Ø§Ù… Ø¹Ù„ÙŠÙƒÙ… Ø§Ø±ØºØ¨ ÙÙŠ Ø§Ø³ØªÙƒÙ…Ø§Ù„ ØªØ¹Ù„ÙŠÙ…ÙŠ ÙˆÙ†ÙŠÙ„ Ø¯Ø±Ø¬Ø© Ø§Ù„Ù…Ø§Ø¬Ø³ØªÙŠØ± Ù…Ø§Ù‡ÙŠ Ø´Ø±ÙˆØ· Ø§Ù„ØªÙ…ÙˆÙŠÙ„ØŸ,kiny
654,Tomando umas Heineken de leve pela rdf ğŸ»ğŸ•Š,Tomando umas Heineken de leve pela rdf ğŸ»ğŸ•Š,kiny
665,"Spain struggles with wildfires, drought, second heat wave https://t.co/2JlNT3bEJA - source/editor :","Spain struggles with wildfires, drought, second heat wave  - source/editor :",fr
684,"ï¼¼ã”äºˆç´„å—ä»˜ä¸­ï¼ï¼
7/24ç™ºå£²äºˆå®š
ã‚¹ãƒ†ãƒ©ãƒ¯ãƒ¼ã‚¹ã‚ªãƒªã‚¸ãƒŠãƒ«ã‚°ãƒƒã‚º

ç”·å­é«˜æ ¡ç”Ÿã€ã¯ã˜ã‚ã¦ã®
ãƒ»ç«¥è©±ã‚¢ã‚¯ãƒªãƒ«ã‚¹ã‚¿ãƒ³ãƒ‰
ãƒ»ãƒŸãƒ‹ã‚­ãƒ£ãƒ³ãƒã‚¹ã‚¢ãƒ¼ãƒˆ
ãƒ»100mmç¼¶ãƒãƒƒã‚¸ VOL.3
ãƒ»ãƒ¬ã‚¶ãƒ¼ãƒãƒ£ãƒ¼ãƒ  ã‚±ãƒ¢ãƒŸãƒŸver.

https://t.co/iDbcjrZg7G https://t.co/5mBszfkz5T","ï¼¼ã”äºˆç´„å—ä»˜ä¸­ï¼ï¼
7/24ç™ºå£²äºˆå®š
ã‚¹ãƒ†ãƒ©ãƒ¯ãƒ¼ã‚¹ã‚ªãƒªã‚¸ãƒŠãƒ«ã‚°ãƒƒã‚º

ç”·å­é«˜æ ¡ç”Ÿã€ã¯ã˜ã‚ã¦ã®
ãƒ»ç«¥è©±ã‚¢ã‚¯ãƒªãƒ«ã‚¹ã‚¿ãƒ³ãƒ‰
ãƒ»ãƒŸãƒ‹ã‚­ãƒ£ãƒ³ãƒã‚¹ã‚¢ãƒ¼ãƒˆ
ãƒ»100mmç¼¶ãƒãƒƒã‚¸ VOL.3
ãƒ»ãƒ¬ã‚¶ãƒ¼ãƒãƒ£ãƒ¼ãƒ  ã‚±ãƒ¢ãƒŸãƒŸver.

 ",fr
687,"Hungary: Protesters angered by Orban-backed tax reforms
#123INFO
https://t.co/r7Hq3EOUK7","Hungary: Protesters angered by Orban-backed tax reforms

",fr
733,"Pues, LÃ³pez DobladÃ³n, quien segÃºn los Chairos fue a poner el alto a MÃ©xico, realmente fue a poner la cartera abierta.

No sÃ³lo ofreciÃ³ gasolina subsidiada con nuestros impuestos, tambiÃ©n hacer realidad el deseo de Trun', que paguemos el muro... o su equivalente.

ğŸ¤¨

#RDFğŸ… https://t.co/6O4XSyyjxZ","Pues, LÃ³pez DobladÃ³n, quien segÃºn los Chairos fue a poner el alto a MÃ©xico, realmente fue a poner la cartera abierta.

No sÃ³lo ofreciÃ³ gasolina subsidiada con nuestros impuestos, tambiÃ©n hacer realidad el deseo de Trun', que paguemos el muro... o su equivalente.

ğŸ¤¨

ğŸ… ",fr
734,Un aviÃ³n de carga se estrella en el norte de Grecia https://t.co/a1hkFci74g,Un aviÃ³n de carga se estrella en el norte de Grecia ,fr
750,"@FlemishCitizen @BrianBirming @uhhh_no_thanks_ How ? WOTLK existed without RDF so not having it doesn't make it ""more Vanilla""","  How ? WOTLK existed without RDF so not having it doesn't make it ""more Vanilla""",fr
771,"@BrianBirming @uhhh_no_thanks_ @Andycloud624 Removing RDF makes wotlk less like wotlk and more like vanilla, this is not what players want! The new tool is honestly very dissapointing, people are just using chat channels on the beta because of how lackluster it is.","  Removing RDF makes wotlk less like wotlk and more like vanilla, this is not what players want! The new tool is honestly very dissapointing, people are just using chat channels on the beta because of how lackluster it is.",fr
772,The Chromatica Ball starts TOMORROW. What songs on The Fame are you hoping to hear? âš¡ https://t.co/0pu9BE406s,The Chromatica Ball starts TOMORROW. What songs on The Fame are you hoping to hear? âš¡ ,fr
798,@CharlyBueno13 @Seventeen_qbctf @VerzeroKodi_C @ElKFreestyleMTZ @KosmosEnKarma @JulioVera___ @JaviBoss10 @killermcrpm @NoTengoAka @rdf_art @IanCarlos_ianK @Adrikane34 @FlowBeach1 @CarlitosPU1 @consentida_free @etzero_j @DiazPimienta @jahmancubanboy @York_newfree @yosy_sgold âœŠğŸ»âœŠğŸ»,                   âœŠğŸ»âœŠğŸ»,fr
808,Where is Italy's populist Five Star Movement headed? https://t.co/jjPiql22Cq - source/editor :,Where is Italy's populist Five Star Movement headed?  - source/editor :,fr
830,"Abbott expects to start shipping EleCare infant formula in the coming weeks.
  https://t.co/HgChDBleNZ","Abbott expects to start shipping EleCare infant formula in the coming weeks.
  ",fr
872,"Spain struggles with wildfires, drought, second heat wave
#123INFO
https://t.co/gpxnwzGv5A","Spain struggles with wildfires, drought, second heat wave

",fr
888,La factura de la calefacciÃ³n en Alemania se triplicarÃ¡ en 2023 https://t.co/BjXMMMFLDM,La factura de la calefacciÃ³n en Alemania se triplicarÃ¡ en 2023 ,fr
900,ğŸ›‘La dÃ©lÃ©gation des officiers militaires des pays membres de la CommunautÃ© des Ã‰tats de lâ€™Afrique de lâ€™Est en mission en RDC ğŸ‡¨ğŸ‡© sâ€™est entretenue avec le commandant des opÃ©rations Sokola 1 des #FARDC Ã  #Beni pour sâ€™imprÃ©gner de la situation sÃ©curitaire dans zone https://t.co/yzwt9J77AK,ğŸ›‘La dÃ©lÃ©gation des officiers militaires des pays membres de la CommunautÃ© des Ã‰tats de lâ€™Afrique de lâ€™Est en mission en RDC ğŸ‡¨ğŸ‡© sâ€™est entretenue avec le commandant des opÃ©rations Sokola 1 des  Ã   pour sâ€™imprÃ©gner de la situation sÃ©curitaire dans zone ,fr
902,@JOJOnaomiendagu @saana_ana @evatntumba @Erickabeya10 @nestormukendi @ChrisNyamabo @rufagari @MuyeheEmile @AngelKazadi @Dompundu @Rush7al @kakese_leon @JMMannix23 @damkup Tu es un menteur impitoyable https://t.co/PsUgzetFhV,             Tu es un menteur impitoyable ,fr
913,Harya iyi Rank Afande yambaye bayita ngwiki ? #RDFâ¤ï¸â¤ï¸â¤ï¸â¤ï¸ https://t.co/0tGrRZkyk6,Harya iyi Rank Afande yambaye bayita ngwiki ? â¤ï¸â¤ï¸â¤ï¸â¤ï¸ ,fr
914,Hallan por casualidad un autorretrato desconocido de Vincent Van Gogh detrÃ¡s de uno de sus cuadros https://t.co/5JJsXrVg0T,Hallan por casualidad un autorretrato desconocido de Vincent Van Gogh detrÃ¡s de uno de sus cuadros ,fr
934,"@heavywing_ @agustincastro17 @VarskySports Medio paÃ­s pobre pero gastan guita pa un satÃ©lite con mensajes,fuaa el diego","  Medio paÃ­s pobre pero gastan guita pa un satÃ©lite con mensajes,fuaa el diego",fr
944,Ascienden a 24 los muertos en el ataque ruso con misiles en Vinnytsia https://t.co/X3NE0J5PNZ https://t.co/m1WtORklz3,Ascienden a 24 los muertos en el ataque ruso con misiles en Vinnytsia  ,fr
955,@CharlyBueno13 @Seventeen_qbctf @VerzeroKodi_C @ElKFreestyleMTZ @KosmosEnKarma @JulioVera___ @JaviBoss10 @NoTengoAka @rdf_art @IanCarlos_ianK @Adrikane34 @FlowBeach1 @CarlitosPU1 @consentida_free @etzero_j @DiazPimienta @jahmancubanboy @York_newfree @wvelazquez01 @yosy_sgold Es un crack pero si no pones al ciudadano no quiero nada ğŸ˜,                   Es un crack pero si no pones al ciudadano no quiero nada ğŸ˜,fr
963,"The love for RDFğŸ˜,may his dreams come true ğŸ™ https://t.co/LpOO0r0wzH","The love for RDFğŸ˜,may his dreams come true ğŸ™ ",fr
981,Medios: Lewandowski viaja a cerrar fichaje con el BarÃ§a https://t.co/Vsi7ZV2AnS,Medios: Lewandowski viaja a cerrar fichaje con el BarÃ§a ,fr
994,"North Macedonia: Parliament approves deal to start EU bid
#123INFO
https://t.co/uOtXoe7NvJ","North Macedonia: Parliament approves deal to start EU bid

",fr
1000,Vou comeÃ§ar a soltar os TikTokâ€™s que gravei a partir de segunda ğŸ¥°,Vou comeÃ§ar a soltar os TikTokâ€™s que gravei a partir de segunda ğŸ¥°,fr
1010,"Dozens dead in Sudan tribal clashes
#123INFO
https://t.co/LAuOXFU3MA","Dozens dead in Sudan tribal clashes

",fr
1053,me arrependi de nÃ£o ter ido p rdf ontem,me arrependi de nÃ£o ter ido p rdf ontem,fr
1094,"ï¼¼ğŸ¦‹å¤§å¥½è©•è²©å£²ä¸­ğŸ¦‹ï¼
ãƒ•ãƒ­ãƒ³ãƒ†ã‚£ã‚¢ãƒ¯ãƒ¼ã‚¯ã‚¹åˆŠè¡Œ
æ›¸ç±ã€#å¤©å®˜è³œç¦ 1ã€

ã‚¹ãƒ†ãƒ©ãƒ¯ãƒ¼ã‚¹é™å®šã‚»ãƒƒãƒˆã¯
ç¾éº—ã‚¤ãƒ©ã‚¹ãƒˆã‚’ã”å ªèƒ½ã„ãŸã ã‘ã‚‹
A3ã‚¿ãƒšã‚¹ãƒˆãƒªãƒ¼+100mmç¼¶ãƒãƒƒã‚¸ä»˜ï¼

ä¸­å›½å…¬å¼ã‚°ãƒƒã‚ºãªã©é–¢é€£å•†å“ãŠå–æ‰±ã„ä¸­ã§ã™âœ¨

â–¼é€šè²©ã¯ã‚³ãƒãƒ©
https://t.co/6k0MAB2YSH
#TGCF https://t.co/aW5e8APfCK","ï¼¼ğŸ¦‹å¤§å¥½è©•è²©å£²ä¸­ğŸ¦‹ï¼
ãƒ•ãƒ­ãƒ³ãƒ†ã‚£ã‚¢ãƒ¯ãƒ¼ã‚¯ã‚¹åˆŠè¡Œ
æ›¸ç±ã€#å¤©å®˜è³œç¦ 1ã€

ã‚¹ãƒ†ãƒ©ãƒ¯ãƒ¼ã‚¹é™å®šã‚»ãƒƒãƒˆã¯
ç¾éº—ã‚¤ãƒ©ã‚¹ãƒˆã‚’ã”å ªèƒ½ã„ãŸã ã‘ã‚‹
A3ã‚¿ãƒšã‚¹ãƒˆãƒªãƒ¼+100mmç¼¶ãƒãƒƒã‚¸ä»˜ï¼

ä¸­å›½å…¬å¼ã‚°ãƒƒã‚ºãªã©é–¢é€£å•†å“ãŠå–æ‰±ã„ä¸­ã§ã™âœ¨

â–¼é€šè²©ã¯ã‚³ãƒãƒ©

 ",kiny
1095,Nous saluons la visite annoncÃ©e dâ€™une dÃ©lÃ©gation parlementaire de @EP_HumanRights en #RDC pour soutenir les efforts de lutte c/ #impunitÃ© &amp; lâ€™impÃ©ratif de la #justicetransitionnelle https://t.co/Exv3GWdAja,Nous saluons la visite annoncÃ©e dâ€™une dÃ©lÃ©gation parlementaire de  en  pour soutenir les efforts de lutte c/ Ã© &amp; lâ€™impÃ©ratif de la  ,fr
1109,"Russia's Gazprom says no sign of Nord Steam 1 turbine
#123INFO
https://t.co/VJOSrpGWML","Russia's Gazprom says no sign of Nord Steam 1 turbine

",kiny
1136,"@KalindaMwene ...finally, you sang that DRC doesn't like rwandophiles, that's why you made the rebellion with the help of RDF, there you have a rwandophone minister in the DRC and you cry treason... so that's it agenda of our minerals, Game over","...finally, you sang that DRC doesn't like rwandophiles, that's why you made the rebellion with the help of RDF, there you have a rwandophone minister in the DRC and you cry treason... so that's it agenda of our minerals, Game over",fr
1152,Opinie: Putin Ã®i foloseÅŸte ca armÄƒ pe refugiaÅ£ii din Siria https://t.co/DXW40mEu21,Opinie: Putin Ã®i foloseÅŸte ca armÄƒ pe refugiaÅ£ii din Siria ,kiny
1157,"Pegasus: ningÃºn celular estÃ¡ libre de riesgo del sofware espÃ­a (via @Pocket)
https://t.co/Dp1lUQ4bVL","Pegasus: ningÃºn celular estÃ¡ libre de riesgo del sofware espÃ­a (via )
",fr
1171,In the past 22 years I have been at the forefront of all the wars UPDF has been involved in. And we won all those wars. Now that UPDF and RDF have re-united I pity anyone who stands in our way. This is the strongest force in Africa. https://t.co/cZgE5iLCXf,In the past 22 years I have been at the forefront of all the wars UPDF has been involved in. And we won all those wars. Now that UPDF and RDF have re-united I pity anyone who stands in our way. This is the strongest force in Africa. ,kiny
1189,Ukraine: British man held by Russia-backed separatists dies â€” as it happened https://t.co/AakK4qdCps,Ukraine: British man held by Russia-backed separatists dies â€” as it happened ,kiny
1190,Voici le couple UPDF et RDF ( museveni et kagame) qui dÃ©stabilise  l'Est de la RDC ( et Bunagana) avec la complicitÃ© de la Monusco et toute la communautÃ© internationale. Les congolais doivent rester en ALERTE maximale pour protÃ©ger leur pays RDC . https://t.co/7N35RqwDCg,Voici le couple UPDF et RDF ( museveni et kagame) qui dÃ©stabilise  l'Est de la RDC ( et Bunagana) avec la complicitÃ© de la Monusco et toute la communautÃ© internationale. Les congolais doivent rester en ALERTE maximale pour protÃ©ger leur pays RDC . ,kiny
1191,"Tresor essaye d'allumer des contre feux sans aucune donnÃ©e factuelle. Aidons le un peu. M23 est le mouvement qui fait le moins de victimes dans la population, de tous les groupes armÃ©es y compris FARDC qui est le pire predateur https://t.co/iSMyUkaLRV https://t.co/Z7cmL0ObVF","Tresor essaye d'allumer des contre feux sans aucune donnÃ©e factuelle. Aidons le un peu. M23 est le mouvement qui fait le moins de victimes dans la population, de tous les groupes armÃ©es y compris FARDC qui est le pire predateur  ",kiny
1210,"EU prepares for Russia to cut off gas supply over sanctions
#123INFO
https://t.co/Sc8Z8xINKN","EU prepares for Russia to cut off gas supply over sanctions

",kiny
1211,"LGBTQ communities facing new repression in Middle East
#123INFO
https://t.co/Oo3Y2uHrBy","LGBTQ communities facing new repression in Middle East

",kiny
1212,"Where is Italy's populist Five Star Movement headed?
#123INFO
https://t.co/125B0oYExI","Where is Italy's populist Five Star Movement headed?

",kiny
1225,Amazing work https://t.co/TJKNtg38df,Amazing work ,kiny
1235,"Europe wildfires: Pilot dies in Portugal, blazes force evacuations in France and Spain https://t.co/2I7VFXVCDy","Europe wildfires: Pilot dies in Portugal, blazes force evacuations in France and Spain ",fr
1237,Libya lifts force majeure on oil production in end to blockade https://t.co/RqFypHdiid,Libya lifts force majeure on oil production in end to blockade ,kiny
1267,"US: Capitol riot committee subpoenas Secret Service
#123INFO
https://t.co/ECzom4vr2v","US: Capitol riot committee subpoenas Secret Service

",fr
1272,"https://t.co/fwPeTSCzTl 

DISTSIM - SCALABLE DISTRIBUTED IN-MEMORY SEMANTIC SIMILARITY ESTIMATION FOR RDF KNOWLEDGE GRAPHS â€“ JAVA PROJECTS
https://t.co/S2DAPvBw4A
https://t.co/LnDLTgeo1I

Skive projects: 9176990090, 9176471711.

Hash tags:
#javaprojects #javaminiprojects https://t.co/IHUXjrvjrR","

DISTSIM - SCALABLE DISTRIBUTED IN-MEMORY SEMANTIC SIMILARITY ESTIMATION FOR RDF KNOWLEDGE GRAPHS â€“ JAVA PROJECTS



Skive projects: 9176990090, 9176471711.

Hash tags:
  ",kiny
1277,"@joshunzi0211 @rbarwanda @AngeKagame Gusa se baza twebwe mumahanga ukuntu bahekenya iyo bunva ibiba mu Rwanda , harigihe tubihorera tukunva ibyo bavuga warangiza ukaberurira Uti erega nduhawo . Ego washari CHOGM yo yakoze ibara  Rpf oyee ğŸ’ª PK oyee ğŸ’ª RDF juuu Sana  banyarwanda  ğŸ’ª ğŸ‡·ğŸ‡¼ tutayijenga Sisi wenyewe pe","  Gusa se baza twebwe mumahanga ukuntu bahekenya iyo bunva ibiba mu Rwanda , harigihe tubihorera tukunva ibyo bavuga warangiza ukaberurira Uti erega nduhawo . Ego washari CHOGM yo yakoze ibara  Rpf oyee ğŸ’ª PK oyee ğŸ’ª RDF juuu Sana  banyarwanda  ğŸ’ª ğŸ‡·ğŸ‡¼ tutayijenga Sisi wenyewe pe",fr
1290,Le prÃ©sident Tshisekedi doit dÃ©missionner si le retour de la paix dans la partie Est de la #RDC lui semble Ãªtre une mission impossible. Tourner toute la rÃ©publique en bourrique en nous ridiculisant de la sorte chez Museveni est inadmissible ! https://t.co/WSW2L31iic,Le prÃ©sident Tshisekedi doit dÃ©missionner si le retour de la paix dans la partie Est de la  lui semble Ãªtre une mission impossible. Tourner toute la rÃ©publique en bourrique en nous ridiculisant de la sorte chez Museveni est inadmissible ! ,kiny
1293,"#Rwanda, assassins sans frontiÃ¨res: EnquÃªte sur le rÃ©gime de #Kagame.
Le groupe de rebelles #FPR, a peut-Ãªtre dÃ©clenchÃ© le #gÃ©nocide auquel il prÃ©tend avoir mis fin. Il a par ailleurs Ã©tÃ© repris par le plus IMPITOYABLE et LE PLUS FROID DE TOUS, #PaulKagame,..
@Europarl_EN @RFI https://t.co/JKt4eEqLdk",", assassins sans frontiÃ¨res: EnquÃªte sur le rÃ©gime de .
Le groupe de rebelles , a peut-Ãªtre dÃ©clenchÃ© le Ã©nocide auquel il prÃ©tend avoir mis fin. Il a par ailleurs Ã©tÃ© repris par le plus IMPITOYABLE et LE PLUS FROID DE TOUS, ,..
  ",fr
1297,"ï¼¼ã”äºˆç´„å—ä»˜ä¸­ï¼ï¼
8/7ç™ºå£²äºˆå®š
ã‚¹ãƒ†ãƒ©ãƒ¯ãƒ¼ã‚¹ã‚ªãƒªã‚¸ãƒŠãƒ«ã‚°ãƒƒã‚º

ã‚¢ã‚¤â˜…ãƒãƒ¥ã‚¦ Etoile Stage
ã¬ã„ãã‚‹ã¿ ç¬¬1å¼¾

ç¬¬1å¼¾ã¯
ã€ŒFâˆFã€ã€ŒTwinkle Bellã€
ã€ŒIBã€ã€ŒREï¼šBERSERKã€
ã€ŒAlchemistã€ãŒç™»å ´ï¼

https://t.co/IIHnJVMwj7 https://t.co/Wezgiw89vM","ï¼¼ã”äºˆç´„å—ä»˜ä¸­ï¼ï¼
8/7ç™ºå£²äºˆå®š
ã‚¹ãƒ†ãƒ©ãƒ¯ãƒ¼ã‚¹ã‚ªãƒªã‚¸ãƒŠãƒ«ã‚°ãƒƒã‚º

ã‚¢ã‚¤â˜…ãƒãƒ¥ã‚¦ Etoile Stage
ã¬ã„ãã‚‹ã¿ ç¬¬1å¼¾

ç¬¬1å¼¾ã¯
ã€ŒFâˆFã€ã€ŒTwinkle Bellã€
ã€ŒIBã€ã€ŒREï¼šBERSERKã€
ã€ŒAlchemistã€ãŒç™»å ´ï¼

 ",fr
1304,"ï¼¼ã”äºˆç´„å—ä»˜ä¸­ï¼ï¼
9/9ç™ºå£²äºˆå®š
ã‚¹ãƒ†ãƒ©ãƒ¯ãƒ¼ã‚¹ã‚ªãƒªã‚¸ãƒŠãƒ«ã‚°ãƒƒã‚º

ã‚¢ã‚¤â˜…ãƒãƒ¥ã‚¦ Etoile Stage
ã¬ã„ãã‚‹ã¿ ç¬¬2å¼¾

ç¬¬2å¼¾ã¯
ã€ŒArSã€ã€ŒPOPâ€™N STARã€
ã€ŒLancelotã€ã€Œå¤©ä¸Šå¤©ä¸‹ã€ãŒç™»å ´ï¼

https://t.co/2Q7ZAka5t6 https://t.co/50wsemM9XX","ï¼¼ã”äºˆç´„å—ä»˜ä¸­ï¼ï¼
9/9ç™ºå£²äºˆå®š
ã‚¹ãƒ†ãƒ©ãƒ¯ãƒ¼ã‚¹ã‚ªãƒªã‚¸ãƒŠãƒ«ã‚°ãƒƒã‚º

ã‚¢ã‚¤â˜…ãƒãƒ¥ã‚¦ Etoile Stage
ã¬ã„ãã‚‹ã¿ ç¬¬2å¼¾

ç¬¬2å¼¾ã¯
ã€ŒArSã€ã€ŒPOPâ€™N STARã€
ã€ŒLancelotã€ã€Œå¤©ä¸Šå¤©ä¸‹ã€ãŒç™»å ´ï¼

 ",fr
1321,"rdf virou a resenha mais tilt, administraÃ§Ã£o sÃ³ faz merda e ainda Ã© marrenta ğŸ¤¦ğŸ»â€â™‚ï¸","rdf virou a resenha mais tilt, administraÃ§Ã£o sÃ³ faz merda e ainda Ã© marrenta ğŸ¤¦ğŸ»â€â™‚ï¸",fr
1355,Curtir aquele pagodinho amanhÃ£ pela RDFğŸ•ºğŸ½ğŸ‡¨ğŸ‡³,Curtir aquele pagodinho amanhÃ£ pela RDFğŸ•ºğŸ½ğŸ‡¨ğŸ‡³,fr
1359,Keine Ãœberraschung. https://t.co/1mDLTBBPg6,Keine Ãœberraschung. ,fr
1387,"Uyu munsi, RDF yasezereye mu cyubahiro abasirikare bagiye mu kiruhuko cy'izabukuru n'abarangije amasezerano y'akazi. Ni umuhango  witabiriwe na Minisitiri w'Ingabo Maj. Gen. Albert Murasira, wari uhagarariye Perezida wa Repubulika akaba n'Umugaba w'Ikirenga w'Ingabo","Uyu munsi, RDF yasezereye mu cyubahiro abasirikare bagiye mu kiruhuko cy'izabukuru n'abarangije amasezerano y'akazi. Ni umuhango  witabiriwe na Minisitiri w'Ingabo Maj. Gen. Albert Murasira, wari uhagarariye Perezida wa Repubulika akaba n'Umugaba w'Ikirenga w'Ingabo",fr
1388,mÃ£e vai ta mt p cima nessa rdf..ğŸ¤·ğŸ½â€â™€ï¸ğŸ¤ªğŸ¥³ğŸš€,mÃ£e vai ta mt p cima nessa rdf..ğŸ¤·ğŸ½â€â™€ï¸ğŸ¤ªğŸ¥³ğŸš€,fr
1419,@RobGilbey @IRLCoDF @IRLDeptDefence @dfreserve @RDFRepAssoc @RACO_DF @simoncoveney @BerryCathal If it's either of the last three then it will never happen.  As that's what they mean when translated from politician.,       If it's either of the last three then it will never happen.  As that's what they mean when translated from politician.,fr
1421,"Saudi Arabia: Biden raises Khashoggi concerns during MBS meeting
#123INFO
https://t.co/oifo60jbVO","Saudi Arabia: Biden raises Khashoggi concerns during MBS meeting

",kiny
1423,"A year after homosexuality was decriminalized in the small Himalayan kingdom of Bhutan, LGBTQ activists say there is still little awareness about members of their community and the issues they face. https://t.co/b2A13zio88","A year after homosexuality was decriminalized in the small Himalayan kingdom of Bhutan, LGBTQ activists say there is still little awareness about members of their community and the issues they face. ",kiny
1434,"If you're are in /went to, @Makerere,@uonbi, RDF,@NRMOnline, @kdfkdf4061 you're part of the the elite.
Use and share your privilege well.","If you're are in /went to, ,, RDF,,  you're part of the the elite.
Use and share your privilege well.",kiny
1530,"DGB fordert mehr Hitze-Schutz fÃ¼r BeschÃ¤ftigte | heise online 
https://t.co/PJX0xFSaUf","DGB fordert mehr Hitze-Schutz fÃ¼r BeschÃ¤ftigte | heise online 
",fr
1613,"ğŸ›‘MuseveniğŸ‡ºğŸ‡¬ demande  Ã  TshisekediğŸ‡¨ğŸ‡© de ""dialoguer avec le #M23""

https://t.co/3yB5m9aJ2x","ğŸ›‘MuseveniğŸ‡ºğŸ‡¬ demande  Ã  TshisekediğŸ‡¨ğŸ‡© de ""dialoguer avec le ""

",fr
1615,@fattoquotidiano Travaglio il diffamatore vomita veleno,Travaglio il diffamatore vomita veleno,fr
1633,"Hungary: Is this the beginning of the end of Orban's model?
#123INFO
https://t.co/oWjxsqw4Cl","Hungary: Is this the beginning of the end of Orban's model?

",fr
1654,"@MpindaKRichard @joslyn_mathias_ @OkendaPierre La question est : qui proposent-ils ? Pendant 20 ans: ils avaient les militaires JKK et RDF-M23; rien. Ils avaient des Profs (pas moyen de les citer); rien. Ils avaient des savants partout ds la territoriale, au plan, Ã  l'AN; rien.
5 Ch + RÃªver pr la modernitÃ©; tjrs rien de rien.","  La question est : qui proposent-ils ? Pendant 20 ans: ils avaient les militaires JKK et RDF-M23; rien. Ils avaient des Profs (pas moyen de les citer); rien. Ils avaient des savants partout ds la territoriale, au plan, Ã  l'AN; rien.
5 Ch + RÃªver pr la modernitÃ©; tjrs rien de rien.",fr
1655,"@joslyn_mathias_ @OkendaPierre Je suis bien dâ€™accord sur le principe, mais que proposez puisque vous pensez que les dÃ©cisions prises sont mauvaises ? Que proposez vous ?"," Je suis bien dâ€™accord sur le principe, mais que proposez puisque vous pensez que les dÃ©cisions prises sont mauvaises ? Que proposez vous ?",fr
1660,"ğŸ”´ Yunanistan'da 100'Ã¼ aÅŸkÄ±n orman yangÄ±nÄ±: Yunanistan'da son 24 saatte 100'den fazla orman yangÄ±nÄ± Ã§Ä±ktÄ±. Fransa'da da kontrol altÄ±na alÄ±namayan orman yangÄ±nlarÄ±yla ilgili konuÅŸan Macron, ""OlaÄŸanÃ¼stÃ¼ zor bir yaz geÃ§iriyoruz"" dedi. https://t.co/9Y3iA8qiqA","ğŸ”´ Yunanistan'da 100'Ã¼ aÅŸkÄ±n orman yangÄ±nÄ±: Yunanistan'da son 24 saatte 100'den fazla orman yangÄ±nÄ± Ã§Ä±ktÄ±. Fransa'da da kontrol altÄ±na alÄ±namayan orman yangÄ±nlarÄ±yla ilgili konuÅŸan Macron, ""OlaÄŸanÃ¼stÃ¼ zor bir yaz geÃ§iriyoruz"" dedi. ",fr
1661,"Iraq: Thousands of Moqtada al-Sadr supporters rally in Baghdad
#123INFO
https://t.co/fbETVoEnOv","Iraq: Thousands of Moqtada al-Sadr supporters rally in Baghdad

",fr
1670,"@Prefix @en Passing that through the #VirtuosoRDBMS instance behind our #URIBurner data transformation service produces:

â€¢Â https://t.co/rzzQHQD45o

â€¢Â https://t.co/eqOsCIOVHJ

#HTML docs that hook into a an #FAQ  #KnowledgeGraph that's progressively enhanced via tweets.

#TweetData #Web30 https://t.co/NunObTlbaa"," Passing that through the  instance behind our  data transformation service produces:

â€¢Â 

â€¢Â 

 docs that hook into a an    that's progressively enhanced via tweets.

  ",fr
1674,How are you guys converting rdf+xml files to csv or excel files please?,How are you guys converting rdf+xml files to csv or excel files please?,fr
1684,"4/6 
In this article, we study a unified method for data access to heterogeneous data sources with Facade-X, a meta-model implemented in a new data integration system called SPARQL Anything.","4/6 
In this article, we study a unified method for data access to heterogeneous data sources with Facade-X, a meta-model implemented in a new data integration system called SPARQL Anything.",fr
1688,"Ciencia en #DW ğŸ‡©ğŸ‡ª ""Harvard reporta gran avance en la fabricaciÃ³n de un corazÃ³n apto para el ser humano"" via @dw_espanol https://t.co/67fwCRQ0fq","Ciencia en  ğŸ‡©ğŸ‡ª ""Harvard reporta gran avance en la fabricaciÃ³n de un corazÃ³n apto para el ser humano"" via  ",kiny
1696,"Î¤Î· Î´Î¹ÎµÎ½Î­ÏÎ³ÎµÎ¹Î± Î´Î·Î¼Î¿ÏˆÎ·Ï†Î¯ÏƒÎ¼Î±Ï„Î¿Ï‚ Î³Î¹Î± RDF, SRF ÎºÎ±Î¹ LNG Î¶Î·Ï„Î¿ÏÎ½ Î¿Î¹ Î•Î½ÎµÏÎ³Î¿Î¯ Î Î¿Î»Î¯Ï„ÎµÏ‚Â Î’ÏŒÎ»Î¿Ï… https://t.co/Cg9y2jnY0g","Î¤Î· Î´Î¹ÎµÎ½Î­ÏÎ³ÎµÎ¹Î± Î´Î·Î¼Î¿ÏˆÎ·Ï†Î¯ÏƒÎ¼Î±Ï„Î¿Ï‚ Î³Î¹Î± RDF, SRF ÎºÎ±Î¹ LNG Î¶Î·Ï„Î¿ÏÎ½ Î¿Î¹ Î•Î½ÎµÏÎ³Î¿Î¯ Î Î¿Î»Î¯Ï„ÎµÏ‚Â Î’ÏŒÎ»Î¿Ï… ",fr
1706,@PatrickMuyaya @FARDC_off Voici le couple UPDF et RDF ( museveni et kagame) qui dÃ©stabilise  l'Est de la RDC ( et Bunagana) avec la complicitÃ© de la Monusco et toute la communautÃ© internationale avec l'espionnage des Banyamulenge .l congolais doivent rester en ALERTE maximale pour protÃ©ger leur pays RDC. https://t.co/y3OKEPStZi, Voici le couple UPDF et RDF ( museveni et kagame) qui dÃ©stabilise  l'Est de la RDC ( et Bunagana) avec la complicitÃ© de la Monusco et toute la communautÃ© internationale avec l'espionnage des Banyamulenge .l congolais doivent rester en ALERTE maximale pour protÃ©ger leur pays RDC. ,fr
1708,"#RDC Ce qui est grave est que, connaissant combien la mission de la force rÃ©gionale EAC est aussi neutraliser le M23, Museveni parle des forces Kenyannes pour s'interposer dans la zone tampon entre M23-FARDC aprÃ¨s cessez-le-feu signÃ©. Ai tjrs dit, plus M23 que l'Ouganda tu meurs","Ce qui est grave est que, connaissant combien la mission de la force rÃ©gionale EAC est aussi neutraliser le M23, Museveni parle des forces Kenyannes pour s'interposer dans la zone tampon entre M23-FARDC aprÃ¨s cessez-le-feu signÃ©. Ai tjrs dit, plus M23 que l'Ouganda tu meurs",fr
1716,"Câ€™est maintenant clair que Kagame a envoyÃ© ses soldats en RDC. Lâ€™on comprend pourquoi il a nÃ©gociÃ© le cessez-le-feu au nom du M23. 
M23=RDF=Rwanda =&gt; Kagame #RwandaIsKiling 
#RwandaIsKiling https://t.co/TyzPhFpJNN","Câ€™est maintenant clair que Kagame a envoyÃ© ses soldats en RDC. Lâ€™on comprend pourquoi il a nÃ©gociÃ© le cessez-le-feu au nom du M23. 
M23=RDF=Rwanda =&gt; Kagame  
 ",fr
1719,"ğŸ”´ Biden: Filistinliler baÄŸÄ±msÄ±z bir devleti hak ediyor: ABD BaÅŸkanÄ± Biden, Filistin lideri Mahmud Abbas ile yaptÄ±ÄŸÄ± gÃ¶rÃ¼ÅŸmede iki devletli Ã§Ã¶zÃ¼mden yana olduklarÄ±nÄ± bir kez daha vurguladÄ±, ekonomik yardÄ±mlar aÃ§Ä±kladÄ±. https://t.co/SZloRV8xXN","ğŸ”´ Biden: Filistinliler baÄŸÄ±msÄ±z bir devleti hak ediyor: ABD BaÅŸkanÄ± Biden, Filistin lideri Mahmud Abbas ile yaptÄ±ÄŸÄ± gÃ¶rÃ¼ÅŸmede iki devletli Ã§Ã¶zÃ¼mden yana olduklarÄ±nÄ± bir kez daha vurguladÄ±, ekonomik yardÄ±mlar aÃ§Ä±kladÄ±. ",fr
1720,"NEW ğŸ“½ï¸ : https://t.co/H5I91ZZCcg

#RDC #RWANDA : Comment en finir avec la guerre Ã  lâ€™Est de la RDC ? Quelle solution pour cette guerre qui a dÃ©jÃ  fait plusieurs millions de morts dans lâ€™indiffÃ©rence de la communautÃ© internationale ? Ã€ qui profite le chaos en RDC ? https://t.co/NnyWT4IdAL","NEW ğŸ“½ï¸ : 

  : Comment en finir avec la guerre Ã  lâ€™Est de la RDC ? Quelle solution pour cette guerre qui a dÃ©jÃ  fait plusieurs millions de morts dans lâ€™indiffÃ©rence de la communautÃ© internationale ? Ã€ qui profite le chaos en RDC ? ",fr
1721,@alainfoka2005 @sebafayo @ThomasMouf Voici le couple UPDF et RDF ( museveni et kagame) qui dÃ©stabilise  l'Est de la RDC ( et Bunagana) avec la complicitÃ© de la Monusco et toute la communautÃ© internationale avec l'espionnage des Banyamulenge .l congolais doivent rester en ALERTE maximale pour protÃ©ger leur pays RDC. https://t.co/qX51P5O4Yu,  Voici le couple UPDF et RDF ( museveni et kagame) qui dÃ©stabilise  l'Est de la RDC ( et Bunagana) avec la complicitÃ© de la Monusco et toute la communautÃ© internationale avec l'espionnage des Banyamulenge .l congolais doivent rester en ALERTE maximale pour protÃ©ger leur pays RDC. ,fr
1726,La prÃ©sence de S.E Alexis Gisaro Ã  la tÃªte de la dÃ©lÃ©gation congolaise prouve Ã  suffisance qu'il y a des tutsis congolais qui revendiquent avec les autres leurs terres occupÃ©es par l'armÃ©e de @PaulKagame. Tout alibi fondÃ© sur la discrimination identitaire vs est dÃ©sormais enlevÃ©! https://t.co/PNUByuE4b3,La prÃ©sence de S.E Alexis Gisaro Ã  la tÃªte de la dÃ©lÃ©gation congolaise prouve Ã  suffisance qu'il y a des tutsis congolais qui revendiquent avec les autres leurs terres occupÃ©es par l'armÃ©e de . Tout alibi fondÃ© sur la discrimination identitaire vs est dÃ©sormais enlevÃ©! ,fr
1729,"Ucraina, RomÃ¢nia È™i ce avem de Ã®nvÄƒÈ›at, Ã®mpreunÄƒ cu Vestul, din acest rÄƒzboi? https://t.co/MSeqCCmEo2","Ucraina, RomÃ¢nia È™i ce avem de Ã®nvÄƒÈ›at, Ã®mpreunÄƒ cu Vestul, din acest rÄƒzboi? ",fr
1731,"#RDC : Non @Libe il n'existe pas de retour de la haine raciste. Ce crime atroce a Ã©tÃ© vigoureusement condamnÃ©. Les meurtres des enfants, les bombardements des Ã©coles et autres crimes d guerre commis par le M23 devraient faire l'objet de la mÃªme attention des mÃ©dias internationaux https://t.co/ghgICYRil2",": Non  il n'existe pas de retour de la haine raciste. Ce crime atroce a Ã©tÃ© vigoureusement condamnÃ©. Les meurtres des enfants, les bombardements des Ã©coles et autres crimes d guerre commis par le M23 devraient faire l'objet de la mÃªme attention des mÃ©dias internationaux ",fr
1732,"ğŸ‡¨ğŸ‡© Emeute, meurtre, et mÃªme #cannibalisme â€Š: @Libe a retrouvÃ© les tÃ©moins dâ€™un crime atroce commis mi-juin Ã  Kalima, dans lâ€™est de la #RDC. Largement relayÃ© sur les rÃ©seaux sociaux, il illustre le retour de la haine raciste dans la rÃ©gion. @TheoEnglebert_ https://t.co/KMyAYSSaTC","ğŸ‡¨ğŸ‡© Emeute, meurtre, et mÃªme  â€Š:  a retrouvÃ© les tÃ©moins dâ€™un crime atroce commis mi-juin Ã  Kalima, dans lâ€™est de la . Largement relayÃ© sur les rÃ©seaux sociaux, il illustre le retour de la haine raciste dans la rÃ©gion.  ",fr
1739,Voici le couple UPDF et RDF ( museveni et kagame) qui dÃ©stabilise  la RDC ( et Bunagana) avec la complicitÃ© de la Monusco et toute la communautÃ© internationale avec l'espionnage des Banyamulenge .l congolais doivent rester en ALERTE maximale pour protÃ©ger leur pays RDC https://t.co/IOLoG1p3oT,Voici le couple UPDF et RDF ( museveni et kagame) qui dÃ©stabilise  la RDC ( et Bunagana) avec la complicitÃ© de la Monusco et toute la communautÃ© internationale avec l'espionnage des Banyamulenge .l congolais doivent rester en ALERTE maximale pour protÃ©ger leur pays RDC ,fr
1742,Voici le couple UPDF et RDF ( museveni et kagame) qui dÃ©stabilise  l'Est de la RDC ( et Bunagana) avec la complicitÃ© de la Monusco et toute la communautÃ© internationale avec l'espionnage des Banyamulenge .l congolais doivent rester en ALERTE maximale pour protÃ©ger leur pays RDC https://t.co/WqqdcCwOnJ,Voici le couple UPDF et RDF ( museveni et kagame) qui dÃ©stabilise  l'Est de la RDC ( et Bunagana) avec la complicitÃ© de la Monusco et toute la communautÃ© internationale avec l'espionnage des Banyamulenge .l congolais doivent rester en ALERTE maximale pour protÃ©ger leur pays RDC ,fr
1746,Le couple UPDF et RDF ( museveni et kagame) s'empare de l'Est de la RDC ( Bunagana) avec la complicitÃ© de la Monusco et toute la communautÃ© internationale. Les congolais doivent rester en ALERTE maximale pour protÃ©ger leur pays RDC https://t.co/z6vWalswZR,Le couple UPDF et RDF ( museveni et kagame) s'empare de l'Est de la RDC ( Bunagana) avec la complicitÃ© de la Monusco et toute la communautÃ© internationale. Les congolais doivent rester en ALERTE maximale pour protÃ©ger leur pays RDC ,fr
1754,"Disney will soon lose copyright to original Mickey Mouse
#123INFO
https://t.co/SLCTqYpYQu","Disney will soon lose copyright to original Mickey Mouse

",fr
1758,EU Commission sues Hungary over LGBTQ law https://t.co/J5QhIvzoCQ - source/editor :,EU Commission sues Hungary over LGBTQ law  - source/editor :,fr
1761,"Ciencia en #DW ğŸ‡©ğŸ‡ª ""AstrÃ³nomos registran un nuevo rÃ©cord de mediciÃ³n del campo magnÃ©tico mÃ¡s intenso del Universo"" via @dw_espanol https://t.co/s45FAcNRWP","Ciencia en  ğŸ‡©ğŸ‡ª ""AstrÃ³nomos registran un nuevo rÃ©cord de mediciÃ³n del campo magnÃ©tico mÃ¡s intenso del Universo"" via  ",fr
1833,"ğŸ”´ CAS itirazÄ± reddetti, Zenit Åampiyonlar Ligi'nde yok: Spor Tahkim Mahkemesi (CAS) Rusya milli takÄ±mÄ±nÄ± ve Rus futbol kulÃ¼plerini uluslararasÄ± mÃ¼sabakalardan men eden kararlara yapÄ±lan itirazlarÄ± reddetti. https://t.co/XweLeKGAxj","ğŸ”´ CAS itirazÄ± reddetti, Zenit Åampiyonlar Ligi'nde yok: Spor Tahkim Mahkemesi (CAS) Rusya milli takÄ±mÄ±nÄ± ve Rus futbol kulÃ¼plerini uluslararasÄ± mÃ¼sabakalardan men eden kararlara yapÄ±lan itirazlarÄ± reddetti. ",fr
1884,"@juvenalmunubo @jlprdeangola @juvenalmunubo toi et moi savons que seules les unitÃ©s spÃ©ciales des RDF, en tenues Kenyannes sont motivÃ©es et expÃ©rimentÃ©es pour liquider avec mÃ©thodes les rÃ©sidus des maÃ¯-maÃ¯ qui auront refusÃ©s le processus de NaÃ¯robi. Les forces SADC vont coÃ»ter inutilement trÃ¨s chÃ¨re.","  toi et moi savons que seules les unitÃ©s spÃ©ciales des RDF, en tenues Kenyannes sont motivÃ©es et expÃ©rimentÃ©es pour liquider avec mÃ©thodes les rÃ©sidus des maÃ¯-maÃ¯ qui auront refusÃ©s le processus de NaÃ¯robi. Les forces SADC vont coÃ»ter inutilement trÃ¨s chÃ¨re.",fr
1887,"Eine riesengroÃŸe Sauerei ist das.

Und im Gegenzug Millionen von BÃ¼rger:innen der #EU mit der #Chatkontrolle im Stasi-Stil bespitzeln wollen. 

""SMS-AffÃ¤re zu Impfstoffbeschaffung: EU-Kommission verweigert weiter AufklÃ¤rung"" https://t.co/otzjxuIRc1","Eine riesengroÃŸe Sauerei ist das.

Und im Gegenzug Millionen von BÃ¼rger:innen der  mit der  im Stasi-Stil bespitzeln wollen. 

""SMS-AffÃ¤re zu Impfstoffbeschaffung: EU-Kommission verweigert weiter AufklÃ¤rung"" ",fr
1891,"Parlant de condition pour gagner une guerre, Museveni dit : ""Il faut que la cause soit juste"". Et il recommande ""de dialoguer avec le M23"", branche terroriste de @PaulKagame. Veut-il nous dire que dÃ©fendre absolument nos terres occupÃ©es par l'Ã©tranger est une cause injuste ?","Parlant de condition pour gagner une guerre, Museveni dit : ""Il faut que la cause soit juste"". Et il recommande ""de dialoguer avec le M23"", branche terroriste de . Veut-il nous dire que dÃ©fendre absolument nos terres occupÃ©es par l'Ã©tranger est une cause injuste ?",fr
1892,"ğŸ”´ Almanya'da kÄ±ÅŸ korkusu: Tek suÃ§lu Putin mi?: Yaz sÄ±caklarÄ±yla boÄŸuÅŸan AlmanlarÄ±n aklÄ± ÅŸimdiden soÄŸuk kÄ±ÅŸ aylarÄ±nda. Rusya vanayÄ± kapatÄ±rsa ne olacak? DW'den Henrik BÃ¶hme, mevcut duruma dÃ¼ÅŸÃ¼lmesinde Almanya'nÄ±n kendi hatalarÄ±nÄ±n payÄ±na dikkat Ã§ekiyor. https://t.co/1LFzWdOUy1","ğŸ”´ Almanya'da kÄ±ÅŸ korkusu: Tek suÃ§lu Putin mi?: Yaz sÄ±caklarÄ±yla boÄŸuÅŸan AlmanlarÄ±n aklÄ± ÅŸimdiden soÄŸuk kÄ±ÅŸ aylarÄ±nda. Rusya vanayÄ± kapatÄ±rsa ne olacak? DW'den Henrik BÃ¶hme, mevcut duruma dÃ¼ÅŸÃ¼lmesinde Almanya'nÄ±n kendi hatalarÄ±nÄ±n payÄ±na dikkat Ã§ekiyor. ",fr
1897,"Mapping a table to a class is the first pattern you will apply when building a Knowledge Graph.

Read about this pattern at https://t.co/upRoDu4MUQ

#knowledgegraphs
#dataintegration
#rdf
#sparql","Mapping a table to a class is the first pattern you will apply when building a Knowledge Graph.

Read about this pattern at 




",fr
1931,"rdf 1F1E5B34 :å‚æˆ¦ID
å‚åŠ è€…å‹Ÿé›†ï¼
Lv275 ãƒ‡ã‚£ã‚¢ã‚¹ãƒãƒ©
https://t.co/sVAQ3OKdHX","rdf 1F1E5B34 :å‚æˆ¦ID
å‚åŠ è€…å‹Ÿé›†ï¼
Lv275 ãƒ‡ã‚£ã‚¢ã‚¹ãƒãƒ©
",fr
1944,"@Abundan03325927 @Murodzvi @AbdNan @AfricaFactsZone Then you expect the Governement of #RwandaIsKilling to mention their soldiers crossed the DRC borders. Nonsense. Please, go and check independent sources and come back with strong evidence. Don't want to waste my time when #RwandaIsKilling","   Then you expect the Governement of  to mention their soldiers crossed the DRC borders. Nonsense. Please, go and check independent sources and come back with strong evidence. Don't want to waste my time when ",fr
1947,@VesaKarha @CoelThomas @SarasvuoJari MikÃ¤Ã¤n yksittÃ¤inen energianlÃ¤hde ei riitÃ¤ kattamaan tarvetta kokonaan. JÃ¤tettÃ¤ syntyy jo nyt valtavat mÃ¤Ã¤rÃ¤t. Onko se tarkoitus sÃ¤ilÃ¶Ã¤ jatkossa tulevaa tarvetta varten? 10% on jo aika paljon.,  MikÃ¤Ã¤n yksittÃ¤inen energianlÃ¤hde ei riitÃ¤ kattamaan tarvetta kokonaan. JÃ¤tettÃ¤ syntyy jo nyt valtavat mÃ¤Ã¤rÃ¤t. Onko se tarkoitus sÃ¤ilÃ¶Ã¤ jatkossa tulevaa tarvetta varten? 10% on jo aika paljon.,fr
1970,Les co fondateurs de RDF ğŸ‡·ğŸ‡¼ ( Rwanda Defence force) sont pour la plupart dâ€™anciens officiers de renseignement de lâ€™Udpf ğŸ‡ºğŸ‡¬ ( Uganda peopleâ€™s Defence Force). Tout celui qui combat le RDF en sâ€™alliant Ã  lâ€™udpf perd son temps.@East_DRC_News @kakese_leon @LwarhibaM @bkmusavuli,Les co fondateurs de RDF ğŸ‡·ğŸ‡¼ ( Rwanda Defence force) sont pour la plupart dâ€™anciens officiers de renseignement de lâ€™Udpf ğŸ‡ºğŸ‡¬ ( Uganda peopleâ€™s Defence Force). Tout celui qui combat le RDF en sâ€™alliant Ã  lâ€™udpf perd son temps.   ,fr
1974,Sri Lanka: Parliament accepts resignation of President Rajapaksa https://t.co/uTnHKkOG1H,Sri Lanka: Parliament accepts resignation of President Rajapaksa ,fr
1976,Canada: Man acquitted in 1985 Air India bombing shot dead https://t.co/xeXsrkSheO,Canada: Man acquitted in 1985 Air India bombing shot dead ,fr
1977,Ukraine: Germany's Baerbock rejects lifting Russia sanctions â€” live updates https://t.co/MKx6inZGq1,Ukraine: Germany's Baerbock rejects lifting Russia sanctions â€” live updates ,fr
2093,Wer hÃ¤tte nur damit gerechnet? /ironieoff https://t.co/x16GdjY9UF,Wer hÃ¤tte nur damit gerechnet? /ironieoff ,fr
2161,"Bearing in mind that a decade ago, @IRLDeptDefence put on the record that the RDF are not interchangeable with the PDF.

That's okay.

It means the DoD will just have to put in place the critical enablers that guarantee the quality and availability of Reservists. https://t.co/gJms7Squ9i","Bearing in mind that a decade ago,  put on the record that the RDF are not interchangeable with the PDF.

That's okay.

It means the DoD will just have to put in place the critical enablers that guarantee the quality and availability of Reservists. ",fr
2165,10. Tu as des mots ou des expressions que tu lÃ¢ches h24 ? Dis nous ?,10. Tu as des mots ou des expressions que tu lÃ¢ches h24 ? Dis nous ?,fr
2170,Le prÃ©sident FÃ©lix Tshisekedi a envoyÃ© une dÃ©lÃ©gation en Ouganda pour implorer l'aide de Museveni. La dÃ©lÃ©gation envoyÃ©e par FÃ©lix Tshisekedi estime qu'il est difficile de trouver une solution sans l'aide de Museveni. https://t.co/yVc5UVKC1J,Le prÃ©sident FÃ©lix Tshisekedi a envoyÃ© une dÃ©lÃ©gation en Ouganda pour implorer l'aide de Museveni. La dÃ©lÃ©gation envoyÃ©e par FÃ©lix Tshisekedi estime qu'il est difficile de trouver une solution sans l'aide de Museveni. ,fr
2171,"ğŸ† RACE RESULT! ğŸ†

'Short or Long RDF's Foal' out of Solanaut Stables has just won the ğŸª™ 25,000 Shin Fuji Great Stakes, covering 11 furlongs on the Dirt in 2:19.063!

ğŸ‡ View the entire race replay: https://t.co/umb37Mpe95","ğŸ† RACE RESULT! ğŸ†

'Short or Long RDF's Foal' out of Solanaut Stables has just won the ğŸª™ 25,000 Shin Fuji Great Stakes, covering 11 furlongs on the Dirt in 2:19.063!

ğŸ‡ View the entire race replay: ",fr
2205,"#-liked The Burst Fire Tank https://t.co/iuXyPS1hM0 @-Spookston: actually supposed to go into service â€¦ After the success of the HSTV-L, AAI â€¦ led to the RDF/LT, the Rapid Deployment Force Light Tank","#-liked The Burst Fire Tank  @-Spookston: actually supposed to go into service â€¦ After the success of the HSTV-L, AAI â€¦ led to the RDF/LT, the Rapid Deployment Force Light Tank",fr
2209,@AndyBemba @LwarhibaM MÃªme dans la rÃ©cente feuille de route en Angola parle de la feuille de route d'octobre 2019. Il ne faut pas dÃ©fendre pour dÃ©fendre.  Il faut d'abord chercher Ã  savoir ce qui s'est passÃ©. https://t.co/aqCUW9O2xR, MÃªme dans la rÃ©cente feuille de route en Angola parle de la feuille de route d'octobre 2019. Il ne faut pas dÃ©fendre pour dÃ©fendre.  Il faut d'abord chercher Ã  savoir ce qui s'est passÃ©. ,fr
2312,"In Germany, young Israelis and Bahrainis take steps toward each other https://t.co/sMrDtiX1on - source/editor :","In Germany, young Israelis and Bahrainis take steps toward each other  - source/editor :",kiny
2334,"Italian Prime Minister Mario Draghi to resign
#123INFO
https://t.co/LEov4EapW1","Italian Prime Minister Mario Draghi to resign

",fr
2364,"Cultura en #DW ğŸ‡©ğŸ‡ª ""Hallan por casualidad un autorretrato desconocido de Vincent Van Gogh detrÃ¡s de uno de sus cuadros ""https://t.co/xbJOgx2GTrâ€¦","Cultura en  ğŸ‡©ğŸ‡ª ""Hallan por casualidad un autorretrato desconocido de Vincent Van Gogh detrÃ¡s de uno de sus cuadros """,kiny
2380,ICC Chief calls for 'overarching strategy' to probe war crimes in Ukraine https://t.co/ypiZMA81Lo,ICC Chief calls for 'overarching strategy' to probe war crimes in Ukraine ,fr
2472,"Â¿Se fijaron que el AMLO Viajero viene con su propio Ken? ğŸ¤”

#RDFğŸ… https://t.co/XN3iYY3O7M","Â¿Se fijaron que el AMLO Viajero viene con su propio Ken? ğŸ¤”

ğŸ… ",fr
2541,"#RDC #RWANDA : Comment en finir avec la guerre Ã  lâ€™Est de la RDC ? Quelle solution pour cette guerre qui a dÃ©jÃ  fait plusieurs millions de morts? Ã€ qui profite le chaos en #RDC ?ğŸ˜‰ğŸ˜‰
https://t.co/5wfEPX2cBl https://t.co/aXWh1oOTfe"," : Comment en finir avec la guerre Ã  lâ€™Est de la RDC ? Quelle solution pour cette guerre qui a dÃ©jÃ  fait plusieurs millions de morts? Ã€ qui profite le chaos en  ?ğŸ˜‰ğŸ˜‰
 ",kiny
2548,@lo48576 ä»•æ§˜ãŒçµ±ä¸€ï¼Œå…¬é–‹ï¼Œã©ã“ã‚ã‹è¦å®šã•ã‚Œã¦ã„ãªã„ã“ã¨ã‚‚ã‚ã‚Šã¾ã™ãŒï¼Œãã®ã‚ãŸã‚Šã£ã¦è¦å®šã§ãã‚‹ç¨‹å›ºå®šã•ã‚Œã¦ã„ãªã„ã¨æ€ã£ã¦ã„ã¦ï¼Œword2vecã‹ãªã‚“ã‹ã§ã‚†ã‚‹ãµã‚ã«å‚è€ƒã«ã™ã‚‹ã§ã‚‚ã„ã„æ°—ãŒã—ãŸã‚Šï¼,ä»•æ§˜ãŒçµ±ä¸€ï¼Œå…¬é–‹ï¼Œã©ã“ã‚ã‹è¦å®šã•ã‚Œã¦ã„ãªã„ã“ã¨ã‚‚ã‚ã‚Šã¾ã™ãŒï¼Œãã®ã‚ãŸã‚Šã£ã¦è¦å®šã§ãã‚‹ç¨‹å›ºå®šã•ã‚Œã¦ã„ãªã„ã¨æ€ã£ã¦ã„ã¦ï¼Œword2vecã‹ãªã‚“ã‹ã§ã‚†ã‚‹ãµã‚ã«å‚è€ƒã«ã™ã‚‹ã§ã‚‚ã„ã„æ°—ãŒã—ãŸã‚Šï¼,fr
2551,"ARIA - ã‚¢ã‚¯ã‚»ã‚·ãƒ“ãƒªãƒ†ã‚£ | MDN
https://t.co/YDCjn6gfgb

æ„å‘³ã‚’ç¤ºã™æ©Ÿæ¢°å¯èª­ãªèªå½™ã€ãŸã¨ãˆã° RDF ã§ã‚ã£ãŸã‚Šã€ã‚ã‚‹ã„ã¯é™å®šçš„ã§ã¯ã‚ã‚‹ã‘ã© ARIA ã®å±æ€§ã ã£ãŸã‚Šã§ã™","ARIA - ã‚¢ã‚¯ã‚»ã‚·ãƒ“ãƒªãƒ†ã‚£ | MDN


æ„å‘³ã‚’ç¤ºã™æ©Ÿæ¢°å¯èª­ãªèªå½™ã€ãŸã¨ãˆã° RDF ã§ã‚ã£ãŸã‚Šã€ã‚ã‚‹ã„ã¯é™å®šçš„ã§ã¯ã‚ã‚‹ã‘ã© ARIA ã®å±æ€§ã ã£ãŸã‚Šã§ã™",fr
2612,"America, Germania È™i mortala ideologie https://t.co/DFd6pJhbfy","America, Germania È™i mortala ideologie ",kiny
2638,"Have you heard about the recent major #GraphDB release? Join GraphDB Product Manager, Pavel Mihaylov for a demonstration of its major changes, which will take place later today. Registration is free: https://t.co/58Cq9Yd4lv #SPARQL #RDF #knowledgegraphs #semanticweb","Have you heard about the recent major  release? Join GraphDB Product Manager, Pavel Mihaylov for a demonstration of its major changes, which will take place later today. Registration is free:     ",kiny
2646,"Ukraine claims strike on Russian military checkpoints â€” live updates
#123INFO
https://t.co/88ovTks6UG","Ukraine claims strike on Russian military checkpoints â€” live updates

",kiny
2651,I've added $RDF to my investments on @EasyEquities! FOMO?! Sign up and join over a million EasyVestors: https://t.co/CCF8xVdIB9,I've added $RDF to my investments on ! FOMO?! Sign up and join over a million EasyVestors: ,kiny
2657,EE. UU.: plataforma de criptomonedas Celsius se declara en quiebra https://t.co/l0huEOvCUR,EE. UU.: plataforma de criptomonedas Celsius se declara en quiebra ,fr
2669,"Ukraine, Russia can reach deal on grain exports, says UN https://t.co/NPNfUUgNVN - source/editor :","Ukraine, Russia can reach deal on grain exports, says UN  - source/editor :",kiny
2670,"4) Both the newly promoted Major General Sultan Makenga of the military wing of RDF/M23 and Bertrand Bisimwa on the political wing of RDF/M23 report directly to treacherous assassin Gen James Kabarebe who in turn feeds the Commander In Chief, Criminal Paul Kagame.","4) Both the newly promoted Major General Sultan Makenga of the military wing of RDF/M23 and Bertrand Bisimwa on the political wing of RDF/M23 report directly to treacherous assassin Gen James Kabarebe who in turn feeds the Commander In Chief, Criminal Paul Kagame.",kiny
2677,"Sri Lankan protesters await president's overdue resignation
#123INFO
https://t.co/hmbdJtp8eC","Sri Lankan protesters await president's overdue resignation

",kiny
2690,UK: Rishi Sunak leads first round of voting to replace Boris Johnson https://t.co/irltrj7C5U,UK: Rishi Sunak leads first round of voting to replace Boris Johnson ,fr
2693,Liverpool fans unfairly blamed for Champions League chaos: French inquiry https://t.co/XkNB4HWFIy,Liverpool fans unfairly blamed for Champions League chaos: French inquiry ,fr
2707,UK: Rishi Sunak leads first round of voting to replace Boris Johnson https://t.co/YE9bC8BufB - source/editor :,UK: Rishi Sunak leads first round of voting to replace Boris Johnson  - source/editor :,kiny
2731,Encore #Une femme #MUNYAMULENGE (N.Bihogazi) Vienne dâ€™Ãªtre tuÃ©e par FARDC ds son domicile. Ns #condamnons la continutÃ© de massacre Contre #Banyamulenge @LumumbaGustave @Mabuye_1 @Muyumba @FARDC_off @hrw @patrickzego @MugeyoNdayi @PMunyamulenge @GouvSudkivu @MuyeheEmile https://t.co/1HsrdQPLlM,Encore  femme  (N.Bihogazi) Vienne dâ€™Ãªtre tuÃ©e par FARDC ds son domicile. Ns  la continutÃ© de massacre Contre            ,kiny
2737,Gazprom will not guarantee functioning of Nord Stream pipeline https://t.co/2hXWNZE4Hg - source/editor :,Gazprom will not guarantee functioning of Nord Stream pipeline  - source/editor :,fr
2807,Sabina Loriga et Jacques Revel - Une histoire inquiÃ¨te - Les historiens et le tournant linguistique Ã  paraÃ®tre en octobre https://t.co/XvhMTzN1Ef,Sabina Loriga et Jacques Revel - Une histoire inquiÃ¨te - Les historiens et le tournant linguistique Ã  paraÃ®tre en octobre ,fr
2817,"ï¼¼ã”äºˆç´„å—ä»˜ä¸­ï¼ï¼
7/16ç™ºå£²äºˆå®š
ã‚¹ãƒ†ãƒ©ãƒ¯ãƒ¼ã‚¹ã‚ªãƒªã‚¸ãƒŠãƒ«ã‚°ãƒƒã‚º

è¶ã®æ¯’ è¯ã®é–
ãƒ»æ–°ä½œå•†å“
ãƒ»å®Œå£²å•†å“ãƒªãƒ‹ãƒ¥ãƒ¼ã‚¢ãƒ«ï¼†å¾©åˆ»å•†å“

https://t.co/86Td9wqPmx https://t.co/hozAkVZDWK","ï¼¼ã”äºˆç´„å—ä»˜ä¸­ï¼ï¼
7/16ç™ºå£²äºˆå®š
ã‚¹ãƒ†ãƒ©ãƒ¯ãƒ¼ã‚¹ã‚ªãƒªã‚¸ãƒŠãƒ«ã‚°ãƒƒã‚º

è¶ã®æ¯’ è¯ã®é–
ãƒ»æ–°ä½œå•†å“
ãƒ»å®Œå£²å•†å“ãƒªãƒ‹ãƒ¥ãƒ¼ã‚¢ãƒ«ï¼†å¾©åˆ»å•†å“

 ",fr
2879,"Anvisa libera Coronavac para crianÃ§as de 3 a 5 anos
https://t.co/TVmbPfNaKh
 ""Imunizante Ã© o primeiro contra o coronavÃ­rus autorizado para esta faixa etÃ¡ria no Brasil.""","Anvisa libera Coronavac para crianÃ§as de 3 a 5 anos

 ""Imunizante Ã© o primeiro contra o coronavÃ­rus autorizado para esta faixa etÃ¡ria no Brasil.""",fr
2886,EU says Russia can transit sanctioned goods to Kaliningrad by rail https://t.co/nUDedqiOd1 - source/editor :,EU says Russia can transit sanctioned goods to Kaliningrad by rail  - source/editor :,kiny
2887,"Puros clÃ¡sicos...

#RDFğŸ… https://t.co/wWxIKdIsPF","Puros clÃ¡sicos...

ğŸ… ",kiny
2901,A coreografia foi o Kiel que fez kkkkkkk cadÃª os defensores dessa bomba agora??? https://t.co/tpsyF1BJk2,A coreografia foi o Kiel que fez kkkkkkk cadÃª os defensores dessa bomba agora??? ,fr
2928,"@gatarimorris Nous avons 450 ethnies dans lesquels lâ€™ethnie M23 nâ€™existe pas.
Puisque vous Ãªtes terroriste et vous trouvez normal quâ€™ils tuent les civils et les forces Ã  quitter leur maisons, vous devez trouvez normal que les FDLR viennent rÃ©clamer leurs terres au Rwanda.
La facture arrive","Nous avons 450 ethnies dans lesquels lâ€™ethnie M23 nâ€™existe pas.
Puisque vous Ãªtes terroriste et vous trouvez normal quâ€™ils tuent les civils et les forces Ã  quitter leur maisons, vous devez trouvez normal que les FDLR viennent rÃ©clamer leurs terres au Rwanda.
La facture arrive",fr
2971,rdf https://t.co/oMkKXCC57f,rdf ,fr
2981,"1â€™ KICK OFF!

UND | 0 - 0 | RDF","1â€™ KICK OFF!

UND | 0 - 0 | RDF",fr
2984,"Easy option would have been a CAPS deployment over the water, that's what I would have done in a real version of this.","Easy option would have been a CAPS deployment over the water, that's what I would have done in a real version of this.",fr
2987,"ğŸ“° Novo RDF 1/0 na cÃ¢mara dos deputados, de autoria do ADRIANA MIGUEL VENTURA: Aprova o ato que renova a autorizaÃ§Ã£o outorgada Ã  AssociaÃ§Ã£o ComunitÃ¡ria de ComunicaÃ§Ã£o e Cultura de PaulÃ­nia para executar serviÃ§o de radiodifusÃ£o comunitÃ¡ria no MunicÃ­pio de PaulÃ­nia, Estado de SÃ£...","ğŸ“° Novo RDF 1/0 na cÃ¢mara dos deputados, de autoria do ADRIANA MIGUEL VENTURA: Aprova o ato que renova a autorizaÃ§Ã£o outorgada Ã  AssociaÃ§Ã£o ComunitÃ¡ria de ComunicaÃ§Ã£o e Cultura de PaulÃ­nia para executar serviÃ§o de radiodifusÃ£o comunitÃ¡ria no MunicÃ­pio de PaulÃ­nia, Estado de SÃ£...",kiny
2993,"ğŸ† RACE RESULT! ğŸ†

'RDF 9923-3396 Foal 2' out of SecretariYat Stables has just won the ğŸª™ 10,000 Robin Hood Club Stakes, covering 10 furlongs on the Dirt in 2:02.105!

ğŸ‡ View the entire race replay: https://t.co/9MJ8jp4Lbs","ğŸ† RACE RESULT! ğŸ†

'RDF 9923-3396 Foal 2' out of SecretariYat Stables has just won the ğŸª™ 10,000 Robin Hood Club Stakes, covering 10 furlongs on the Dirt in 2:02.105!

ğŸ‡ View the entire race replay: ",fr
3014,"58â€™ GOAL!

@AVFC_JJC what a run! He finishes if off with a sublime finish!

UND | 1 - 1 | RDF","58â€™ GOAL!

 what a run! He finishes if off with a sublime finish!

UND | 1 - 1 | RDF",fr
3020,GÃ©nocide au Rwanda : vers d'autres condamnations ? https://t.co/9cC34EDK19 #DeutscheWelle #Rwanda,GÃ©nocide au Rwanda : vers d'autres condamnations ?   ,fr
3034,US slams Russia's 'forced deportations' in Ukraine â€” live updates https://t.co/ZDhsR9Z2H5 - source/editor :,US slams Russia's 'forced deportations' in Ukraine â€” live updates  - source/editor :,fr
3075,"1) Treacherous assassin Gen James Kabarebe who was sidelined by criminal Paul Kagame in 2018, his now back as the overall coordinator of M23 Rebel Movement. https://t.co/Dz1HWz58rp","1) Treacherous assassin Gen James Kabarebe who was sidelined by criminal Paul Kagame in 2018, his now back as the overall coordinator of M23 Rebel Movement. ",fr
3536,"Encompassing the production of SRF (Solid Recovered Fuel) and RDF (Refuse Derived Fuel) materials, a leading provider of sustainable waste resource management and commercial recycling solutions in  Yorkshire, enlisted a Lindner Atlas 5500AS at the beginniâ€¦https://t.co/l4ZL27iJsq","Encompassing the production of SRF (Solid Recovered Fuel) and RDF (Refuse Derived Fuel) materials, a leading provider of sustainable waste resource management and commercial recycling solutions in  Yorkshire, enlisted a Lindner Atlas 5500AS at the beginniâ€¦",fr
3590,"ğŸ“£ #COVID19: l'AN rejette un article clÃ© du projet de loi sanitaire

ğŸ—£@oliviermarleix : ""Le gouvernement a fait lâ€™expÃ©rience concrÃ¨te qu'il n'avait plus de majoritÃ©. L'heure oblige le gouvernement Ã  Ã©couter les opposions. Pour lâ€™instant, il n'Ã©coute pas, il est dans lâ€™arrogance"" https://t.co/hcDboPsxMh","ğŸ“£ : l'AN rejette un article clÃ© du projet de loi sanitaire

ğŸ—£ : ""Le gouvernement a fait lâ€™expÃ©rience concrÃ¨te qu'il n'avait plus de majoritÃ©. L'heure oblige le gouvernement Ã  Ã©couter les opposions. Pour lâ€™instant, il n'Ã©coute pas, il est dans lâ€™arrogance"" ",fr
3592,"RÃ©amÃ©nagement au sein des FARDC et RDF, Kinshasa et Kigali sâ€™apprÃªtent-ils pour la guerreÂ ? https://t.co/8zyIn4Tv8d","RÃ©amÃ©nagement au sein des FARDC et RDF, Kinshasa et Kigali sâ€™apprÃªtent-ils pour la guerreÂ ? ",kiny
3596,@END70 @visitrwanda_now #BrainLess Birere is not in Rwanda,  Birere is not in Rwanda,fr
3605,Ukraine hopes to increase grain exports through Danube â€” live updates https://t.co/3vO0kBjzrl - source/editor :,Ukraine hopes to increase grain exports through Danube â€” live updates  - source/editor :,fr
3607,"Pr reprendre du territoire, il faut lancer les offensives.
Or jusque lÃ , les FARDC font que dÃ©fendre les positions qu'elles dÃ©tiennent contre les attaques RDF dÃ©guisÃ©s M23.
Il faut qu'il y ait l'envie de reconquÃªte et les OFFENSIVES pr ce faire.
Que le nouveau commandement agisse https://t.co/ZkMnwolZUs","Pr reprendre du territoire, il faut lancer les offensives.
Or jusque lÃ , les FARDC font que dÃ©fendre les positions qu'elles dÃ©tiennent contre les attaques RDF dÃ©guisÃ©s M23.
Il faut qu'il y ait l'envie de reconquÃªte et les OFFENSIVES pr ce faire.
Que le nouveau commandement agisse ",fr
3627,"Why did one Ethiopian town produce so many athletic stars?
#123INFO
https://t.co/OQz3qBNxlN","Why did one Ethiopian town produce so many athletic stars?

",fr
3639,Ukraine struggles to get its wheat to the world https://t.co/MVE7BG7RY9 - source/editor :,Ukraine struggles to get its wheat to the world  - source/editor :,fr
3640,Bei seinem Scan-Dienst Virustotal hat Google eine veraltete exiftool-Version eingesetzt. Eine SicherheitslÃ¼cke ermÃ¶glichte Forschern den Einbruch in den Dienst. #Cybersicherheit #Security https://t.co/2S7kzIPJll,Bei seinem Scan-Dienst Virustotal hat Google eine veraltete exiftool-Version eingesetzt. Eine SicherheitslÃ¼cke ermÃ¶glichte Forschern den Einbruch in den Dienst.   ,fr
3646,Ukraine struggles to get its wheat to the world https://t.co/wfHDZKcyTO,Ukraine struggles to get its wheat to the world ,fr
3679,"@Johnblanshe_m - Clearly counter-offensive operations against #M23 have not yet started.
- One needs to observe UG moves around Bunagana: Open the border on your side -&gt; Rw = UG -&gt; Uganda Airlines license will be revoked &amp; DRC-UG trades MoUs stopped. 
#RwandaIsKiling","- Clearly counter-offensive operations against  have not yet started.
- One needs to observe UG moves around Bunagana: Open the border on your side -&gt; Rw = UG -&gt; Uganda Airlines license will be revoked &amp; DRC-UG trades MoUs stopped. 
",fr
3692,"Donald Trump incited Capitol rioters after 'unhinged' meeting, says House panel
#123INFO
https://t.co/EGdT6bgm5Z","Donald Trump incited Capitol rioters after 'unhinged' meeting, says House panel

",fr
3703,@ConorHogarty Removal of the â€˜pauseâ€™ (paycut!) on increments will trigger follow-on claims from other PS workers under same conditions. As it should.,Removal of the â€˜pauseâ€™ (paycut!) on increments will trigger follow-on claims from other PS workers under same conditions. As it should.,kiny
3736,"Nord Stream gas halt 'doesn't help Ukraine,' Slovene PM tells DW https://t.co/TsTq1krN2D","Nord Stream gas halt 'doesn't help Ukraine,' Slovene PM tells DW ",kiny
3742,Nigeria: Why presidential hopefuls are cut from the same cloth https://t.co/bvtiWUCC2c,Nigeria: Why presidential hopefuls are cut from the same cloth ,kiny
3796,#RDC : DEUX ARMES POUR SNIPERS RÃ‰CUPÃ‰RÃ‰ES DE MAINS DE #M23_RDF PARS LES #FARDC_OFF LORS DES AFFRONTEMENTS CE WEEK-END Ã€ #RUTSHURU AU #NORD_KIVU . CES DEUX FUSILS SONT UNE NOUVELLE PREUVE QUE L'ARMÃ‰E RWANDAISE EST BIEN PRÃ‰SENTE SUR LE SOL CONGOLAIS . https://t.co/iIkGjXCt9X,: DEUX ARMES POUR SNIPERS RÃ‰CUPÃ‰RÃ‰ES DE MAINS DE  PARS LES  LORS DES AFFRONTEMENTS CE WEEK-END Ã€  AU  . CES DEUX FUSILS SONT UNE NOUVELLE PREUVE QUE L'ARMÃ‰E RWANDAISE EST BIEN PRÃ‰SENTE SUR LE SOL CONGOLAIS . ,fr
3930,@Conaw @RoamResearch @rcvd_io @hashbrown490 @baibhavbista This is very important and should be well communicated with users. They make choices that change the ratio page refs / block refs / levels and these choices need guidance to get the best experience and reduce performance degradation.,    This is very important and should be well communicated with users. They make choices that change the ratio page refs / block refs / levels and these choices need guidance to get the best experience and reduce performance degradation.,kiny
4160,"Practical RDF: Solving Problems with the Resource Description Framework [GUEFFHS]

https://t.co/tJrZyNsdoI","Practical RDF: Solving Problems with the Resource Description Framework [GUEFFHS]

",fr
5589,"Nord Stream gas halt 'doesn't help Ukraine at all,' Slovene PM tells DW https://t.co/MyXcsepXoO","Nord Stream gas halt 'doesn't help Ukraine at all,' Slovene PM tells DW ",fr
5601,Rescatan del olvido la primera versiÃ³n del Quijote en sÃ¡nscrito 80 aÃ±os mÃ¡s tarde https://t.co/VN5d0ocoOz,Rescatan del olvido la primera versiÃ³n del Quijote en sÃ¡nscrito 80 aÃ±os mÃ¡s tarde ,kiny
6285,"Cultura en #DW ğŸ‡©ğŸ‡ª ""Rescatan del olvido la primera versiÃ³n del Quijote en sÃ¡nscrito 80 aÃ±os mÃ¡s tarde ""https://t.co/ph430scJwm via @dw_espanol","Cultura en  ğŸ‡©ğŸ‡ª ""Rescatan del olvido la primera versiÃ³n del Quijote en sÃ¡nscrito 80 aÃ±os mÃ¡s tarde "" via ",fr
7007,"Las reservas internacionales que tiene el paÃ­s las pueden ver aquÃ­. https://t.co/Glq4J6807G
A Junio tenÃ­amos U$57.164 millones. Vamos a ver eso en manos de Petro cuanto dura. (Pa ese man y su prole esas son peanuts)","Las reservas internacionales que tiene el paÃ­s las pueden ver aquÃ­. 
A Junio tenÃ­amos U$57.164 millones. Vamos a ver eso en manos de Petro cuanto dura. (Pa ese man y su prole esas son peanuts)",fr
7993,"Germany bolsters defenses against Russian cyber threats
#123INFO
https://t.co/o9lvNrcLII","Germany bolsters defenses against Russian cyber threats

",fr
8357,"#Ø§Ù†ØªØ±Ù†Øª_ØºÙŠØ±_Ù…Ø­Ø¯ÙˆØ¯_Ù_Ù…ØµØ±
#Unlimited_internet_in_egypt #Ø§Ù‚Ø§Ù„Ø©_ÙˆØ²ÙŠØ±_Ø§Ù„Ø§ØªØµØ§Ù„Ø§Øª_Ø¹Ù…Ø±Ùˆ_Ø·Ù„Ø¹Øª
#Ù…Ù‚Ø§Ø·Ø¹Ø©_ÙˆÙŠ

. rdf","#Ø§Ù†ØªØ±Ù†Øª_ØºÙŠØ±_Ù…Ø­Ø¯ÙˆØ¯_Ù_Ù…ØµØ±
 #Ø§Ù‚Ø§Ù„Ø©_ÙˆØ²ÙŠØ±_Ø§Ù„Ø§ØªØµØ§Ù„Ø§Øª_Ø¹Ù…Ø±Ùˆ_Ø·Ù„Ø¹Øª
#Ù…Ù‚Ø§Ø·Ø¹Ø©_ÙˆÙŠ

. rdf",kiny
8363,"ğŸ“° Novo RDF 1/0 na cÃ¢mara dos deputados, de autoria do CLARISSA BARROS ASSED MATHEUS DE OLIVEIRA: Parecer de RedaÃ§Ã£o Final adotado pela CCJC ao PL 1440/ 2019.","ğŸ“° Novo RDF 1/0 na cÃ¢mara dos deputados, de autoria do CLARISSA BARROS ASSED MATHEUS DE OLIVEIRA: Parecer de RedaÃ§Ã£o Final adotado pela CCJC ao PL 1440/ 2019.",fr
8368,"ğŸ“° Novo RDF 1/0 na cÃ¢mara dos deputados, de autoria do JOÃƒO CAMPOS DE ARAÃšJO: Aprova o ato que renova a autorizaÃ§Ã£o outorgada Ã  AssociaÃ§Ã£o ArtÃ­stica e Cultural de Desenvolvimento do Setor Marista Sul para executar serviÃ§o de radiodifusÃ£o comunitÃ¡ria no MunicÃ­pio de Aparecida d...","ğŸ“° Novo RDF 1/0 na cÃ¢mara dos deputados, de autoria do JOÃƒO CAMPOS DE ARAÃšJO: Aprova o ato que renova a autorizaÃ§Ã£o outorgada Ã  AssociaÃ§Ã£o ArtÃ­stica e Cultural de Desenvolvimento do Setor Marista Sul para executar serviÃ§o de radiodifusÃ£o comunitÃ¡ria no MunicÃ­pio de Aparecida d...",kiny
8435,"@END70 @KanyanaVanessa @DrMumbogoShyaka @Rugusuki @HarelimanaAK @FabRugumire @HeritierRW @IngabireIm @KalindaMwene Ngoyi, ici au Rwanda, nous n'avons pas besoin de formuler des manipulations. Mon pays est paisible, nous vous le souhaitons Ã©galement.","        Ngoyi, ici au Rwanda, nous n'avons pas besoin de formuler des manipulations. Mon pays est paisible, nous vous le souhaitons Ã©galement.",fr
8475,"@Emmanue45576862 @LeVraiPatriote_ @goma24news @StanysBujakera @kabumba_justin @kakese_leon @Bibishe6 @BenitaNtumba @CybelleKamba @Rugusuki @PatrickMuyaya Faux! Nous avons choisis la dÃ©mocratie comme mÃ©thode de rÃ©gler les comptes aux politiques, pas les armes.
Les politiques constituent un problÃ¨me et le RDF-M23 constitue un autre problÃ¨me.
Y a pas dialogue et vous nâ€™allez pas intÃ©grer les FARDC.","          Faux! Nous avons choisis la dÃ©mocratie comme mÃ©thode de rÃ©gler les comptes aux politiques, pas les armes.
Les politiques constituent un problÃ¨me et le RDF-M23 constitue un autre problÃ¨me.
Y a pas dialogue et vous nâ€™allez pas intÃ©grer les FARDC.",fr
8524,Ukraine warns Russia could step up Donetsk offensive â€” live updates https://t.co/lp9qDcVyhY,Ukraine warns Russia could step up Donetsk offensive â€” live updates ,fr
8527,"Erdogan talks grain exports with Putin, Zelenskyy https://t.co/OZEViefbLS","Erdogan talks grain exports with Putin, Zelenskyy ",fr
8560,@kayjoe66 @YabaNkosia @EtumesakoPapy @FTwagiramungu Vive le #M23  noyau de base de la future armÃ©e du RDCğŸ’ª,   Vive le   noyau de base de la future armÃ©e du RDCğŸ’ª,fr
8646,"Le PrÃ©sident Rwandais @PaulKagame a promu ses hommes de main dans lâ€™armÃ©e. Le porte-parole de #RDF bombardÃ© Â«Â gÃ©nÃ©ral de brigadeÂ Â». Le chef des renseignements, celui de la garde RÃ©publicaine et le Â«Â commandant des opÃ©rations spÃ©cialesÂ Â» sont promus au grade de Â«Â GÃ©nÃ©ral MajorÂ Â».","Le PrÃ©sident Rwandais  a promu ses hommes de main dans lâ€™armÃ©e. Le porte-parole de  bombardÃ© Â«Â gÃ©nÃ©ral de brigadeÂ Â». Le chef des renseignements, celui de la garde RÃ©publicaine et le Â«Â commandant des opÃ©rations spÃ©cialesÂ Â» sont promus au grade de Â«Â GÃ©nÃ©ral MajorÂ Â».",fr
9653,"NASA reveals James Webb Space Telescope's first image of cosmos
#123INFO
https://t.co/32ij7xiOoW","NASA reveals James Webb Space Telescope's first image of cosmos

",fr
10123,"Ciencia en #DW ğŸ‡©ğŸ‡ª ""Sus amigos aprecian recibir mensajes suyos mucho mÃ¡s de lo que piensa, segÃºn plantea un estudio"" via @dw_espanol https://t.co/qmv48YPLoj","Ciencia en  ğŸ‡©ğŸ‡ª ""Sus amigos aprecian recibir mensajes suyos mucho mÃ¡s de lo que piensa, segÃºn plantea un estudio"" via  ",fr
10220,"Es prÃ¼fe wer sich bindet...

https://t.co/mNgRffhvmb","Es prÃ¼fe wer sich bindet...

",fr
10296,"The Secretary General of the International Organisation of Francophonie (OIF), Her Excellency Louise Mushikiwabo yesterday launched a French teaching program for RDF troops that will be deployed for peacekeeping missions in French speaking countries.
https://t.co/ESqFqTbp8R https://t.co/0RuOJZEu2i","The Secretary General of the International Organisation of Francophonie (OIF), Her Excellency Louise Mushikiwabo yesterday launched a French teaching program for RDF troops that will be deployed for peacekeeping missions in French speaking countries.
 ",fr
10344,Disney perderÃ¡ pronto los derechos de autor del ratÃ³n Mickey original https://t.co/cnWNZcDtXZ,Disney perderÃ¡ pronto los derechos de autor del ratÃ³n Mickey original ,fr
